Entity,Code,Year,Pesticide use
Africa (FAO),,1990,73782
Africa (FAO),,1991,69767
Africa (FAO),,1992,60045
Africa (FAO),,1993,54045
Africa (FAO),,1994,58588
Africa (FAO),,1995,64707
Africa (FAO),,1996,66964
Africa (FAO),,1997,71752
Africa (FAO),,1998,73940
Africa (FAO),,1999,75640
Africa (FAO),,2000,73686
Africa (FAO),,2001,73868
Africa (FAO),,2002,81362
Africa (FAO),,2003,86672
Africa (FAO),,2004,94830
Africa (FAO),,2005,98426
Africa (FAO),,2006,101577
Africa (FAO),,2007,98442
Africa (FAO),,2008,107649
Africa (FAO),,2009,114199
Africa (FAO),,2010,130761
Africa (FAO),,2011,143347
Africa (FAO),,2012,154122
Africa (FAO),,2013,166022
Africa (FAO),,2014,163713
Africa (FAO),,2015,158212
Africa (FAO),,2016,154893
Africa (FAO),,2017,170279
Africa (FAO),,2018,190295
Africa (FAO),,2019,201709
Africa (FAO),,2020,209235
Africa (FAO),,2021,209504
Africa (FAO),,2022,209490
Africa (FAO),,2023,211177
Albania,ALB,1990,121
Albania,ALB,1991,121
Albania,ALB,1992,121
Albania,ALB,1993,121
Albania,ALB,1994,201
Albania,ALB,1995,251
Albania,ALB,1996,262
Albania,ALB,1997,274
Albania,ALB,1998,285
Albania,ALB,1999,297
Albania,ALB,2000,308
Albania,ALB,2001,319
Albania,ALB,2002,331
Albania,ALB,2003,342
Albania,ALB,2004,354
Albania,ALB,2005,365
Albania,ALB,2006,376
Albania,ALB,2007,388
Albania,ALB,2008,399
Albania,ALB,2009,411
Albania,ALB,2010,590
Albania,ALB,2011,583
Albania,ALB,2012,362
Albania,ALB,2013,451
Albania,ALB,2014,457
Albania,ALB,2015,538
Albania,ALB,2016,584
Albania,ALB,2017,615
Albania,ALB,2018,442
Albania,ALB,2019,746
Albania,ALB,2020,402
Albania,ALB,2021,433
Albania,ALB,2022,296
Albania,ALB,2023,296
Algeria,DZA,1990,5743
Algeria,DZA,1991,7094
Algeria,DZA,1992,3876
Algeria,DZA,1993,3710
Algeria,DZA,1994,4059
Algeria,DZA,1995,6256
Algeria,DZA,1996,2191
Algeria,DZA,1997,1822
Algeria,DZA,1998,1499
Algeria,DZA,1999,2228
Algeria,DZA,2000,2537
Algeria,DZA,2001,2847
Algeria,DZA,2002,3156
Algeria,DZA,2003,3465
Algeria,DZA,2004,3774
Algeria,DZA,2005,2811
Algeria,DZA,2006,2504
Algeria,DZA,2007,3563
Algeria,DZA,2008,5720
Algeria,DZA,2009,3168
Algeria,DZA,2010,1870
Algeria,DZA,2011,7612
Algeria,DZA,2012,8980
Algeria,DZA,2013,8270
Algeria,DZA,2014,7152
Algeria,DZA,2015,4517
Algeria,DZA,2016,4153
Algeria,DZA,2017,6067
Algeria,DZA,2018,6067
Algeria,DZA,2019,6067
Algeria,DZA,2020,6067
Algeria,DZA,2021,6067
Algeria,DZA,2022,6067
Algeria,DZA,2023,6067
Americas (FAO),,1990,608484
Americas (FAO),,1991,609159
Americas (FAO),,1992,626318
Americas (FAO),,1993,626503
Americas (FAO),,1994,679542
Americas (FAO),,1995,703571
Americas (FAO),,1996,745667
Americas (FAO),,1997,787751
Americas (FAO),,1998,834523
Americas (FAO),,1999,857991
Americas (FAO),,2000,890503
Americas (FAO),,2001,894608
Americas (FAO),,2002,878789
Americas (FAO),,2003,962408
Americas (FAO),,2004,1044596
Americas (FAO),,2005,1096203
Americas (FAO),,2006,1070070
Americas (FAO),,2007,1209048
Americas (FAO),,2008,1189440
Americas (FAO),,2009,1122033
Americas (FAO),,2010,1300053
Americas (FAO),,2011,1340373
Americas (FAO),,2012,1408589
Americas (FAO),,2013,1446447
Americas (FAO),,2014,1473290
Americas (FAO),,2015,1456703
Americas (FAO),,2016,1509225
Americas (FAO),,2017,1531154
Americas (FAO),,2018,1535786
Americas (FAO),,2019,1631358
Americas (FAO),,2020,1726081
Americas (FAO),,2021,1830813
Americas (FAO),,2022,1893062
Americas (FAO),,2023,1836279
Andorra,AND,1990,14
Andorra,AND,1991,14
Andorra,AND,1992,14
Andorra,AND,1993,14
Andorra,AND,1994,14
Andorra,AND,1995,13
Andorra,AND,1996,12
Andorra,AND,1997,14
Andorra,AND,1998,15
Andorra,AND,1999,15
Andorra,AND,2000,19
Andorra,AND,2001,18
Andorra,AND,2002,18
Andorra,AND,2003,12
Andorra,AND,2004,12
Andorra,AND,2005,12
Andorra,AND,2006,15
Andorra,AND,2007,15
Andorra,AND,2008,15
Andorra,AND,2009,13
Andorra,AND,2010,13
Andorra,AND,2011,13
Andorra,AND,2012,14
Andorra,AND,2013,17
Andorra,AND,2014,15
Andorra,AND,2015,16
Andorra,AND,2016,13
Andorra,AND,2017,14
Andorra,AND,2018,14
Andorra,AND,2019,14
Andorra,AND,2020,16
Andorra,AND,2021,17
Andorra,AND,2022,17
Andorra,AND,2023,16
Angola,AGO,1990,64
Angola,AGO,1991,79
Angola,AGO,1992,23
Angola,AGO,1993,169
Angola,AGO,1994,90
Angola,AGO,1995,336
Angola,AGO,1996,40
Angola,AGO,1997,40
Angola,AGO,1998,40
Angola,AGO,1999,40
Angola,AGO,2000,40
Angola,AGO,2001,40
Angola,AGO,2002,40
Angola,AGO,2003,40
Angola,AGO,2004,40
Angola,AGO,2005,40
Angola,AGO,2006,40
Angola,AGO,2007,40
Angola,AGO,2008,40
Angola,AGO,2009,40
Angola,AGO,2010,40
Angola,AGO,2011,40
Angola,AGO,2012,40
Angola,AGO,2013,40
Angola,AGO,2014,40
Angola,AGO,2015,40
Angola,AGO,2016,40
Angola,AGO,2017,40
Angola,AGO,2018,40
Angola,AGO,2019,40
Angola,AGO,2020,40
Angola,AGO,2021,40
Angola,AGO,2022,40
Angola,AGO,2023,40
Anguilla,AIA,1990,23
Anguilla,AIA,1991,23
Anguilla,AIA,1992,23
Anguilla,AIA,1993,23
Anguilla,AIA,1994,23
Anguilla,AIA,1995,23
Anguilla,AIA,1996,23
Anguilla,AIA,1997,23
Anguilla,AIA,1998,23
Anguilla,AIA,1999,23
Anguilla,AIA,2000,22
Anguilla,AIA,2001,23
Anguilla,AIA,2002,24
Anguilla,AIA,2003,25
Anguilla,AIA,2004,26
Anguilla,AIA,2005,30
Anguilla,AIA,2006,37
Anguilla,AIA,2007,49
Anguilla,AIA,2008,58
Anguilla,AIA,2009,66
Anguilla,AIA,2010,66
Anguilla,AIA,2011,66
Anguilla,AIA,2012,66
Anguilla,AIA,2013,66
Anguilla,AIA,2014,66
Anguilla,AIA,2015,66
Anguilla,AIA,2016,66
Anguilla,AIA,2017,66
Anguilla,AIA,2018,66
Anguilla,AIA,2019,66
Anguilla,AIA,2020,66
Anguilla,AIA,2021,66
Anguilla,AIA,2022,66
Anguilla,AIA,2023,66
Antigua and Barbuda,ATG,1990,289
Antigua and Barbuda,ATG,1991,289
Antigua and Barbuda,ATG,1992,289
Antigua and Barbuda,ATG,1993,289
Antigua and Barbuda,ATG,1994,289
Antigua and Barbuda,ATG,1995,289
Antigua and Barbuda,ATG,1996,289
Antigua and Barbuda,ATG,1997,289
Antigua and Barbuda,ATG,1998,289
Antigua and Barbuda,ATG,1999,266
Antigua and Barbuda,ATG,2000,260
Antigua and Barbuda,ATG,2001,272
Antigua and Barbuda,ATG,2002,325
Antigua and Barbuda,ATG,2003,379
Antigua and Barbuda,ATG,2004,432
Antigua and Barbuda,ATG,2005,410
Antigua and Barbuda,ATG,2006,347
Antigua and Barbuda,ATG,2007,292
Antigua and Barbuda,ATG,2008,319
Antigua and Barbuda,ATG,2009,380
Antigua and Barbuda,ATG,2010,342
Antigua and Barbuda,ATG,2011,782
Antigua and Barbuda,ATG,2012,694
Antigua and Barbuda,ATG,2013,685
Antigua and Barbuda,ATG,2014,174
Antigua and Barbuda,ATG,2015,176
Antigua and Barbuda,ATG,2016,180
Antigua and Barbuda,ATG,2017,183
Antigua and Barbuda,ATG,2018,200
Antigua and Barbuda,ATG,2019,220
Antigua and Barbuda,ATG,2020,250
Antigua and Barbuda,ATG,2021,251
Antigua and Barbuda,ATG,2022,247
Antigua and Barbuda,ATG,2023,229
Argentina,ARG,1990,26156
Argentina,ARG,1991,26156
Argentina,ARG,1992,26156
Argentina,ARG,1993,26156
Argentina,ARG,1994,30195
Argentina,ARG,1995,37842
Argentina,ARG,1996,54595
Argentina,ARG,1997,77691
Argentina,ARG,1998,62397
Argentina,ARG,1999,73293
Argentina,ARG,2000,84189
Argentina,ARG,2001,95085
Argentina,ARG,2002,105981
Argentina,ARG,2003,116877
Argentina,ARG,2004,127773
Argentina,ARG,2005,138669
Argentina,ARG,2006,149565
Argentina,ARG,2007,186790
Argentina,ARG,2008,203369
Argentina,ARG,2009,140095
Argentina,ARG,2010,235739
Argentina,ARG,2011,220610
Argentina,ARG,2012,216309
Argentina,ARG,2013,212007
Argentina,ARG,2014,207706
Argentina,ARG,2015,203807
Argentina,ARG,2016,199908
Argentina,ARG,2017,196009
Argentina,ARG,2018,172928
Argentina,ARG,2019,241294
Argentina,ARG,2020,241520
Argentina,ARG,2021,262507
Argentina,ARG,2022,262507
Argentina,ARG,2023,262507
Armenia,ARM,1992,8
Armenia,ARM,1993,8
Armenia,ARM,1994,23
Armenia,ARM,1995,24
Armenia,ARM,1996,32
Armenia,ARM,1997,41
Armenia,ARM,1998,51
Armenia,ARM,1999,60
Armenia,ARM,2000,70
Armenia,ARM,2001,79
Armenia,ARM,2002,89
Armenia,ARM,2003,98
Armenia,ARM,2004,205
Armenia,ARM,2005,221
Armenia,ARM,2006,228
Armenia,ARM,2007,242
Armenia,ARM,2008,218
Armenia,ARM,2009,198
Armenia,ARM,2010,279
Armenia,ARM,2011,321
Armenia,ARM,2012,363
Armenia,ARM,2013,405
Armenia,ARM,2014,447
Armenia,ARM,2015,488
Armenia,ARM,2016,530
Armenia,ARM,2017,572
Armenia,ARM,2018,614
Armenia,ARM,2019,527
Armenia,ARM,2020,639
Armenia,ARM,2021,914
Armenia,ARM,2022,892
Armenia,ARM,2023,1012
Aruba,ABW,1990,148
Aruba,ABW,1991,155
Aruba,ABW,1992,169
Aruba,ABW,1993,190
Aruba,ABW,1994,211
Aruba,ABW,1995,232
Aruba,ABW,1996,253
Aruba,ABW,1997,274
Aruba,ABW,1998,294
Aruba,ABW,1999,315
Aruba,ABW,2000,336
Aruba,ABW,2001,357
Aruba,ABW,2002,378
Aruba,ABW,2003,399
Aruba,ABW,2004,420
Aruba,ABW,2005,441
Aruba,ABW,2006,461
Aruba,ABW,2007,482
Aruba,ABW,2008,503
Aruba,ABW,2009,525
Aruba,ABW,2010,538
Aruba,ABW,2011,502
Aruba,ABW,2012,459
Aruba,ABW,2013,410
Aruba,ABW,2014,391
Aruba,ABW,2015,454
Aruba,ABW,2016,459
Aruba,ABW,2017,467
Aruba,ABW,2018,388
Aruba,ABW,2019,404
Aruba,ABW,2020,458
Aruba,ABW,2021,491
Aruba,ABW,2022,480
Aruba,ABW,2023,449
Asia (FAO),,1990,598344
Asia (FAO),,1991,600799
Asia (FAO),,1992,638386
Asia (FAO),,1993,644913
Asia (FAO),,1994,665835
Asia (FAO),,1995,703139
Asia (FAO),,1996,717524
Asia (FAO),,1997,721496
Asia (FAO),,1998,700645
Asia (FAO),,1999,728531
Asia (FAO),,2000,726713
Asia (FAO),,2001,736441
Asia (FAO),,2002,763607
Asia (FAO),,2003,797503
Asia (FAO),,2004,826883
Asia (FAO),,2005,840975
Asia (FAO),,2006,862104
Asia (FAO),,2007,961756
Asia (FAO),,2008,993021
Asia (FAO),,2009,1022845
Asia (FAO),,2010,1102080
Asia (FAO),,2011,1015455
Asia (FAO),,2012,1070680
Asia (FAO),,2013,1088576
Asia (FAO),,2014,1054886
Asia (FAO),,2015,1131779
Asia (FAO),,2016,1181629
Asia (FAO),,2017,1079584
Asia (FAO),,2018,1091243
Asia (FAO),,2019,1075236
Asia (FAO),,2020,941670
Asia (FAO),,2021,1067106
Asia (FAO),,2022,1055698
Asia (FAO),,2023,1046295
Australia,AUS,1990,17867
Australia,AUS,1991,17867
Australia,AUS,1992,22235
Australia,AUS,1993,23899
Australia,AUS,1994,21057
Australia,AUS,1995,25598
Australia,AUS,1996,31185
Australia,AUS,1997,34092
Australia,AUS,1998,37215
Australia,AUS,1999,34200
Australia,AUS,2000,33475
Australia,AUS,2001,32710
Australia,AUS,2002,26650
Australia,AUS,2003,32418
Australia,AUS,2004,36277
Australia,AUS,2005,34310
Australia,AUS,2006,35901
Australia,AUS,2007,32446
Australia,AUS,2008,42935
Australia,AUS,2009,38066
Australia,AUS,2010,42169
Australia,AUS,2011,47633
Australia,AUS,2012,48688
Australia,AUS,2013,45177
Australia,AUS,2014,49857
Australia,AUS,2015,50922
Australia,AUS,2016,63416
Australia,AUS,2017,59634
Australia,AUS,2018,80072
Australia,AUS,2019,100511
Australia,AUS,2020,120949
Australia,AUS,2021,141387
Australia,AUS,2022,161826
Australia,AUS,2023,182264
Austria,AUT,1990,4246
Austria,AUT,1991,4487
Austria,AUT,1992,3897
Austria,AUT,1993,3984
Austria,AUT,1994,3619
Austria,AUT,1995,3402
Austria,AUT,1996,3565
Austria,AUT,1997,3690
Austria,AUT,1998,3340
Austria,AUT,1999,3419
Austria,AUT,2000,3563
Austria,AUT,2001,3132
Austria,AUT,2002,3079
Austria,AUT,2003,3385
Austria,AUT,2004,3302
Austria,AUT,2005,3404
Austria,AUT,2006,3416
Austria,AUT,2007,3527
Austria,AUT,2008,4247
Austria,AUT,2009,3532
Austria,AUT,2010,3692
Austria,AUT,2011,3448
Austria,AUT,2012,3557
Austria,AUT,2013,3097
Austria,AUT,2014,3373
Austria,AUT,2015,3778
Austria,AUT,2016,4361
Austria,AUT,2017,4625
Austria,AUT,2018,5280
Austria,AUT,2019,4954
Austria,AUT,2020,5566
Austria,AUT,2021,5791
Austria,AUT,2022,6069
Austria,AUT,2023,5251
Azerbaijan,AZE,1992,149
Azerbaijan,AZE,1993,149
Azerbaijan,AZE,1994,149
Azerbaijan,AZE,1995,149
Azerbaijan,AZE,1996,149
Azerbaijan,AZE,1997,149
Azerbaijan,AZE,1998,149
Azerbaijan,AZE,1999,149
Azerbaijan,AZE,2000,149
Azerbaijan,AZE,2001,149
Azerbaijan,AZE,2002,149
Azerbaijan,AZE,2003,149
Azerbaijan,AZE,2004,149
Azerbaijan,AZE,2005,149
Azerbaijan,AZE,2006,149
Azerbaijan,AZE,2007,149
Azerbaijan,AZE,2008,263
Azerbaijan,AZE,2009,316
Azerbaijan,AZE,2010,334
Azerbaijan,AZE,2011,462
Azerbaijan,AZE,2012,516
Azerbaijan,AZE,2013,490
Azerbaijan,AZE,2014,532
Azerbaijan,AZE,2015,530
Azerbaijan,AZE,2016,543
Azerbaijan,AZE,2017,543
Azerbaijan,AZE,2018,543
Azerbaijan,AZE,2019,543
Azerbaijan,AZE,2020,543
Azerbaijan,AZE,2021,543
Azerbaijan,AZE,2022,543
Azerbaijan,AZE,2023,543
Bahamas,BHS,1990,242
Bahamas,BHS,1991,257
Bahamas,BHS,1992,252
Bahamas,BHS,1993,314
Bahamas,BHS,1994,375
Bahamas,BHS,1995,335
Bahamas,BHS,1996,438
Bahamas,BHS,1997,537
Bahamas,BHS,1998,536
Bahamas,BHS,1999,554
Bahamas,BHS,2000,461
Bahamas,BHS,2001,629
Bahamas,BHS,2002,547
Bahamas,BHS,2003,499
Bahamas,BHS,2004,394
Bahamas,BHS,2005,436
Bahamas,BHS,2006,375
Bahamas,BHS,2007,454
Bahamas,BHS,2008,243
Bahamas,BHS,2009,97
Bahamas,BHS,2010,87
Bahamas,BHS,2011,144
Bahamas,BHS,2012,158
Bahamas,BHS,2013,111
Bahamas,BHS,2014,118
Bahamas,BHS,2015,178
Bahamas,BHS,2016,178
Bahamas,BHS,2017,178
Bahamas,BHS,2018,178
Bahamas,BHS,2019,178
Bahamas,BHS,2020,178
Bahamas,BHS,2021,178
Bahamas,BHS,2022,178
Bahamas,BHS,2023,178
Bahrain,BHR,1990,14
Bahrain,BHR,1991,14
Bahrain,BHR,1992,14
Bahrain,BHR,1993,14
Bahrain,BHR,1994,31
Bahrain,BHR,1995,12
Bahrain,BHR,1996,12
Bahrain,BHR,1997,9
Bahrain,BHR,1998,11
Bahrain,BHR,1999,13
Bahrain,BHR,2000,9
Bahrain,BHR,2001,9
Bahrain,BHR,2002,1
Bahrain,BHR,2003,6
Bahrain,BHR,2004,12
Bahrain,BHR,2005,13
Bahrain,BHR,2006,12
Bahrain,BHR,2007,16
Bahrain,BHR,2008,10
Bahrain,BHR,2009,13
Bahrain,BHR,2010,10
Bahrain,BHR,2011,9
Bahrain,BHR,2012,10
Bahrain,BHR,2013,11
Bahrain,BHR,2014,11
Bahrain,BHR,2015,12
Bahrain,BHR,2016,13
Bahrain,BHR,2017,14
Bahrain,BHR,2018,14
Bahrain,BHR,2019,34
Bahrain,BHR,2020,31
Bahrain,BHR,2021,30
Bahrain,BHR,2022,14
Bahrain,BHR,2023,18
Bangladesh,BGD,1990,1266
Bangladesh,BGD,1991,1287
Bangladesh,BGD,1992,1453
Bangladesh,BGD,1993,1487
Bangladesh,BGD,1994,1595
Bangladesh,BGD,1995,1702
Bangladesh,BGD,1996,1919
Bangladesh,BGD,1997,2035
Bangladesh,BGD,1998,2068
Bangladesh,BGD,1999,2532
Bangladesh,BGD,2000,3170
Bangladesh,BGD,2001,3335
Bangladesh,BGD,2002,4206
Bangladesh,BGD,2003,5463
Bangladesh,BGD,2004,6996
Bangladesh,BGD,2005,8091
Bangladesh,BGD,2006,9413
Bangladesh,BGD,2007,10915
Bangladesh,BGD,2008,12403
Bangladesh,BGD,2009,13756
Bangladesh,BGD,2010,13251
Bangladesh,BGD,2011,14798
Bangladesh,BGD,2012,13289
Bangladesh,BGD,2013,15330
Bangladesh,BGD,2014,15857
Bangladesh,BGD,2015,13364
Bangladesh,BGD,2016,14388
Bangladesh,BGD,2017,15144
Bangladesh,BGD,2018,15265
Bangladesh,BGD,2019,15386
Bangladesh,BGD,2020,15506
Bangladesh,BGD,2021,15506
Bangladesh,BGD,2022,15506
Bangladesh,BGD,2023,15506
Barbados,BRB,1990,550
Barbados,BRB,1991,550
Barbados,BRB,1992,550
Barbados,BRB,1993,550
Barbados,BRB,1994,514
Barbados,BRB,1995,664
Barbados,BRB,1996,475
Barbados,BRB,1997,168
Barbados,BRB,1998,164
Barbados,BRB,1999,160
Barbados,BRB,2000,156
Barbados,BRB,2001,152
Barbados,BRB,2002,148
Barbados,BRB,2003,143
Barbados,BRB,2004,139
Barbados,BRB,2005,135
Barbados,BRB,2006,131
Barbados,BRB,2007,127
Barbados,BRB,2008,123
Barbados,BRB,2009,118
Barbados,BRB,2010,114
Barbados,BRB,2011,110
Barbados,BRB,2012,106
Barbados,BRB,2013,102
Barbados,BRB,2014,98
Barbados,BRB,2015,93
Barbados,BRB,2016,89
Barbados,BRB,2017,85
Barbados,BRB,2018,81
Barbados,BRB,2019,77
Barbados,BRB,2020,73
Barbados,BRB,2021,68
Barbados,BRB,2022,68
Barbados,BRB,2023,68
Belarus,BLR,1992,2097
Belarus,BLR,1993,2097
Belarus,BLR,1994,2097
Belarus,BLR,1995,2097
Belarus,BLR,1996,2097
Belarus,BLR,1997,2097
Belarus,BLR,1998,1882
Belarus,BLR,1999,1823
Belarus,BLR,2000,1817
Belarus,BLR,2001,1963
Belarus,BLR,2002,1604
Belarus,BLR,2003,1920
Belarus,BLR,2004,2348
Belarus,BLR,2005,3647
Belarus,BLR,2006,3891
Belarus,BLR,2007,4235
Belarus,BLR,2008,3880
Belarus,BLR,2009,3875
Belarus,BLR,2010,3387
Belarus,BLR,2011,3079
Belarus,BLR,2012,2423
Belarus,BLR,2013,2229
Belarus,BLR,2014,1892
Belarus,BLR,2015,1464
Belarus,BLR,2016,1078
Belarus,BLR,2017,721
Belarus,BLR,2018,840
Belarus,BLR,2019,4171
Belarus,BLR,2020,4589
Belarus,BLR,2021,4117
Belarus,BLR,2022,4231
Belarus,BLR,2023,4853
Belgium,BEL,2000,9560
Belgium,BEL,2001,8529
Belgium,BEL,2002,9204
Belgium,BEL,2003,8822
Belgium,BEL,2004,9186
Belgium,BEL,2005,9776
Belgium,BEL,2006,8244
Belgium,BEL,2007,6712
Belgium,BEL,2008,6516
Belgium,BEL,2009,5496
Belgium,BEL,2010,4645
Belgium,BEL,2011,6297
Belgium,BEL,2012,6484
Belgium,BEL,2013,6335
Belgium,BEL,2014,7180
Belgium,BEL,2015,6487
Belgium,BEL,2016,6571
Belgium,BEL,2017,6268
Belgium,BEL,2018,6363
Belgium,BEL,2019,5950
Belgium,BEL,2020,5677
Belgium,BEL,2021,5866
Belgium,BEL,2022,5190
Belgium,BEL,2023,4801
Belgium-Luxembourg (FAO),,1990,9074
Belgium-Luxembourg (FAO),,1991,9074
Belgium-Luxembourg (FAO),,1992,9074
Belgium-Luxembourg (FAO),,1993,9074
Belgium-Luxembourg (FAO),,1994,8450
Belgium-Luxembourg (FAO),,1995,9007
Belgium-Luxembourg (FAO),,1996,8743
Belgium-Luxembourg (FAO),,1997,8307
Belgium-Luxembourg (FAO),,1998,9096
Belgium-Luxembourg (FAO),,1999,8830
Belize,BLZ,1990,771
Belize,BLZ,1991,696
Belize,BLZ,1992,997
Belize,BLZ,1993,1058
Belize,BLZ,1994,1119
Belize,BLZ,1995,1180
Belize,BLZ,1996,1240
Belize,BLZ,1997,1301
Belize,BLZ,1998,1362
Belize,BLZ,1999,1362
Belize,BLZ,2000,1296
Belize,BLZ,2001,1719
Belize,BLZ,2002,1529
Belize,BLZ,2003,1340
Belize,BLZ,2004,1150
Belize,BLZ,2005,960
Belize,BLZ,2006,770
Belize,BLZ,2007,674
Belize,BLZ,2008,984
Belize,BLZ,2009,789
Belize,BLZ,2010,700
Belize,BLZ,2011,827
Belize,BLZ,2012,638
Belize,BLZ,2013,1037
Belize,BLZ,2014,880
Belize,BLZ,2015,1067
Belize,BLZ,2016,1259
Belize,BLZ,2017,1217
Belize,BLZ,2018,1384
Belize,BLZ,2019,1063
Belize,BLZ,2020,1335
Belize,BLZ,2021,1123
Belize,BLZ,2022,1331
Belize,BLZ,2023,1496
Benin,BEN,1990,1378
Benin,BEN,1991,1378
Benin,BEN,1992,1334
Benin,BEN,1993,1184
Benin,BEN,1994,1599
Benin,BEN,1995,1712
Benin,BEN,1996,1635
Benin,BEN,1997,933
Benin,BEN,1998,1019
Benin,BEN,1999,1033
Benin,BEN,2000,1015
Benin,BEN,2001,749
Benin,BEN,2002,777
Benin,BEN,2003,766
Benin,BEN,2004,620
Benin,BEN,2005,583
Benin,BEN,2006,895
Benin,BEN,2007,1610
Benin,BEN,2008,1949
Benin,BEN,2009,2260
Benin,BEN,2010,2093
Benin,BEN,2011,2081
Benin,BEN,2012,1692
Benin,BEN,2013,1423
Benin,BEN,2014,1452
Benin,BEN,2015,1525
Benin,BEN,2016,1583
Benin,BEN,2017,2691
Benin,BEN,2018,4342
Benin,BEN,2019,5679
Benin,BEN,2020,5624
Benin,BEN,2021,5049
Benin,BEN,2022,6403
Benin,BEN,2023,7133
Bermuda,BMU,1990,21
Bermuda,BMU,1991,21
Bermuda,BMU,1992,21
Bermuda,BMU,1993,40
Bermuda,BMU,1994,78
Bermuda,BMU,1995,109
Bermuda,BMU,1996,109
Bermuda,BMU,1997,89
Bermuda,BMU,1998,77
Bermuda,BMU,1999,79
Bermuda,BMU,2000,80
Bermuda,BMU,2001,82
Bermuda,BMU,2002,84
Bermuda,BMU,2003,85
Bermuda,BMU,2004,87
Bermuda,BMU,2005,63
Bermuda,BMU,2006,43
Bermuda,BMU,2007,46
Bermuda,BMU,2008,79
Bermuda,BMU,2009,90
Bermuda,BMU,2010,80
Bermuda,BMU,2011,81
Bermuda,BMU,2012,114
Bermuda,BMU,2013,152
Bermuda,BMU,2014,181
Bermuda,BMU,2015,207
Bermuda,BMU,2016,179
Bermuda,BMU,2017,154
Bermuda,BMU,2018,118
Bermuda,BMU,2019,135
Bermuda,BMU,2020,150
Bermuda,BMU,2021,147
Bermuda,BMU,2022,139
Bermuda,BMU,2023,124
Bhutan,BTN,1990,4
Bhutan,BTN,1991,5
Bhutan,BTN,1992,5
Bhutan,BTN,1993,3
Bhutan,BTN,1994,25
Bhutan,BTN,1995,29
Bhutan,BTN,1996,32
Bhutan,BTN,1997,2
Bhutan,BTN,1998,2
Bhutan,BTN,1999,2
Bhutan,BTN,2000,3
Bhutan,BTN,2001,3
Bhutan,BTN,2002,2
Bhutan,BTN,2003,5
Bhutan,BTN,2004,7
Bhutan,BTN,2005,2
Bhutan,BTN,2006,6
Bhutan,BTN,2007,7
Bhutan,BTN,2008,6
Bhutan,BTN,2009,6
Bhutan,BTN,2010,7
Bhutan,BTN,2011,9
Bhutan,BTN,2012,7
Bhutan,BTN,2013,5
Bhutan,BTN,2014,3
Bhutan,BTN,2015,11
Bhutan,BTN,2016,18
Bhutan,BTN,2017,152
Bhutan,BTN,2018,174
Bhutan,BTN,2019,180
Bhutan,BTN,2020,160
Bhutan,BTN,2021,174
Bhutan,BTN,2022,181
Bhutan,BTN,2023,153
Bolivia,BOL,1990,2468
Bolivia,BOL,1991,1691
Bolivia,BOL,1992,941
Bolivia,BOL,1993,1300
Bolivia,BOL,1994,1653
Bolivia,BOL,1995,2006
Bolivia,BOL,1996,2359
Bolivia,BOL,1997,2712
Bolivia,BOL,1998,3065
Bolivia,BOL,1999,3418
Bolivia,BOL,2000,3771
Bolivia,BOL,2001,4124
Bolivia,BOL,2002,4477
Bolivia,BOL,2003,4830
Bolivia,BOL,2004,6453
Bolivia,BOL,2005,7146
Bolivia,BOL,2006,7772
Bolivia,BOL,2007,8427
Bolivia,BOL,2008,8870
Bolivia,BOL,2009,10281
Bolivia,BOL,2010,12969
Bolivia,BOL,2011,13839
Bolivia,BOL,2012,14403
Bolivia,BOL,2013,17071
Bolivia,BOL,2014,16473
Bolivia,BOL,2015,15962
Bolivia,BOL,2016,16392
Bolivia,BOL,2017,21655
Bolivia,BOL,2018,21749
Bolivia,BOL,2019,17910
Bolivia,BOL,2020,19295
Bolivia,BOL,2021,18307
Bolivia,BOL,2022,19174
Bolivia,BOL,2023,15785
Bosnia and Herzegovina,BIH,1992,2277
Bosnia and Herzegovina,BIH,1993,2232
Bosnia and Herzegovina,BIH,1994,2213
Bosnia and Herzegovina,BIH,1995,2227
Bosnia and Herzegovina,BIH,1996,2201
Bosnia and Herzegovina,BIH,1997,2222
Bosnia and Herzegovina,BIH,1998,2159
Bosnia and Herzegovina,BIH,1999,2193
Bosnia and Herzegovina,BIH,2000,2193
Bosnia and Herzegovina,BIH,2001,2162
Bosnia and Herzegovina,BIH,2002,2185
Bosnia and Herzegovina,BIH,2003,2133
Bosnia and Herzegovina,BIH,2004,2164
Bosnia and Herzegovina,BIH,2005,2183
Bosnia and Herzegovina,BIH,2006,2161
Bosnia and Herzegovina,BIH,2007,2209
Bosnia and Herzegovina,BIH,2008,2197
Bosnia and Herzegovina,BIH,2009,2120
Bosnia and Herzegovina,BIH,2010,2135
Bosnia and Herzegovina,BIH,2011,2277
Bosnia and Herzegovina,BIH,2012,2267
Bosnia and Herzegovina,BIH,2013,2262
Bosnia and Herzegovina,BIH,2014,2277
Bosnia and Herzegovina,BIH,2015,2287
Bosnia and Herzegovina,BIH,2016,2369
Bosnia and Herzegovina,BIH,2017,2398
Bosnia and Herzegovina,BIH,2018,2454
Bosnia and Herzegovina,BIH,2019,2509
Bosnia and Herzegovina,BIH,2020,2723
Bosnia and Herzegovina,BIH,2021,2723
Bosnia and Herzegovina,BIH,2022,2723
Bosnia and Herzegovina,BIH,2023,2723
Botswana,BWA,1990,351
Botswana,BWA,1991,331
Botswana,BWA,1992,313
Botswana,BWA,1993,257
Botswana,BWA,1994,209
Botswana,BWA,1995,171
Botswana,BWA,1996,177
Botswana,BWA,1997,193
Botswana,BWA,1998,227
Botswana,BWA,1999,287
Botswana,BWA,2000,374
Botswana,BWA,2001,436
Botswana,BWA,2002,434
Botswana,BWA,2003,380
Botswana,BWA,2004,316
Botswana,BWA,2005,328
Botswana,BWA,2006,408
Botswana,BWA,2007,434
Botswana,BWA,2008,429
Botswana,BWA,2009,377
Botswana,BWA,2010,390
Botswana,BWA,2011,425
Botswana,BWA,2012,457
Botswana,BWA,2013,482
Botswana,BWA,2014,469
Botswana,BWA,2015,615
Botswana,BWA,2016,739
Botswana,BWA,2017,944
Botswana,BWA,2018,878
Botswana,BWA,2019,995
Botswana,BWA,2020,1193
Botswana,BWA,2021,1386
Botswana,BWA,2022,1405
Botswana,BWA,2023,1272
Brazil,BRA,1990,51120
Brazil,BRA,1991,58662
Brazil,BRA,1992,67358
Brazil,BRA,1993,76053
Brazil,BRA,1994,84748
Brazil,BRA,1995,93444
Brazil,BRA,1996,102139
Brazil,BRA,1997,110835
Brazil,BRA,1998,119530
Brazil,BRA,1999,128226
Brazil,BRA,2000,141130
Brazil,BRA,2001,152271
Brazil,BRA,2002,146264
Brazil,BRA,2003,183340
Brazil,BRA,2004,215779
Brazil,BRA,2005,233367
Brazil,BRA,2006,239892
Brazil,BRA,2007,305530
Brazil,BRA,2008,314191
Brazil,BRA,2009,337391
Brazil,BRA,2010,360735
Brazil,BRA,2011,408787
Brazil,BRA,2012,456839
Brazil,BRA,2013,472977
Brazil,BRA,2014,484254
Brazil,BRA,2015,497626
Brazil,BRA,2016,514829
Brazil,BRA,2017,514843
Brazil,BRA,2018,549280
Brazil,BRA,2019,620538
Brazil,BRA,2020,685746
Brazil,BRA,2021,719507
Brazil,BRA,2022,800652
Brazil,BRA,2023,800652
British Virgin Islands,VGB,1990,14
British Virgin Islands,VGB,1991,12
British Virgin Islands,VGB,1992,14
British Virgin Islands,VGB,1993,12
British Virgin Islands,VGB,1994,14
British Virgin Islands,VGB,1995,12
British Virgin Islands,VGB,1996,13
British Virgin Islands,VGB,1997,13
British Virgin Islands,VGB,1998,93
British Virgin Islands,VGB,1999,95
British Virgin Islands,VGB,2000,98
British Virgin Islands,VGB,2001,22
British Virgin Islands,VGB,2002,21
British Virgin Islands,VGB,2003,18
British Virgin Islands,VGB,2004,13
British Virgin Islands,VGB,2005,12
British Virgin Islands,VGB,2006,11
British Virgin Islands,VGB,2007,12
British Virgin Islands,VGB,2008,13
British Virgin Islands,VGB,2009,20
British Virgin Islands,VGB,2010,14
British Virgin Islands,VGB,2011,130
British Virgin Islands,VGB,2012,124
British Virgin Islands,VGB,2013,128
British Virgin Islands,VGB,2014,11
British Virgin Islands,VGB,2015,13
British Virgin Islands,VGB,2016,18
British Virgin Islands,VGB,2017,17
British Virgin Islands,VGB,2018,11
British Virgin Islands,VGB,2019,8
British Virgin Islands,VGB,2020,11
British Virgin Islands,VGB,2021,17
British Virgin Islands,VGB,2022,17
British Virgin Islands,VGB,2023,17
Brunei,BRN,1990,120
Brunei,BRN,1991,133
Brunei,BRN,1992,140
Brunei,BRN,1993,171
Brunei,BRN,1994,198
Brunei,BRN,1995,238
Brunei,BRN,1996,261
Brunei,BRN,1997,260
Brunei,BRN,1998,246
Brunei,BRN,1999,217
Brunei,BRN,2000,198
Brunei,BRN,2001,183
Brunei,BRN,2002,174
Brunei,BRN,2003,282
Brunei,BRN,2004,338
Brunei,BRN,2005,338
Brunei,BRN,2006,215
Brunei,BRN,2007,139
Brunei,BRN,2008,121
Brunei,BRN,2009,142
Brunei,BRN,2010,159
Brunei,BRN,2011,175
Brunei,BRN,2012,168
Brunei,BRN,2013,176
Brunei,BRN,2014,186
Brunei,BRN,2015,172
Brunei,BRN,2016,147
Brunei,BRN,2017,142
Brunei,BRN,2018,157
Brunei,BRN,2019,216
Brunei,BRN,2020,286
Brunei,BRN,2021,289
Brunei,BRN,2022,242
Brunei,BRN,2023,167
Bulgaria,BGR,1990,3906
Bulgaria,BGR,1991,3906
Bulgaria,BGR,1992,3906
Bulgaria,BGR,1993,3777
Bulgaria,BGR,1994,3649
Bulgaria,BGR,1995,3520
Bulgaria,BGR,1996,3391
Bulgaria,BGR,1997,3262
Bulgaria,BGR,1998,3134
Bulgaria,BGR,1999,3005
Bulgaria,BGR,2000,2876
Bulgaria,BGR,2001,2747
Bulgaria,BGR,2002,2619
Bulgaria,BGR,2003,2490
Bulgaria,BGR,2004,2361
Bulgaria,BGR,2005,2232
Bulgaria,BGR,2006,2104
Bulgaria,BGR,2007,1975
Bulgaria,BGR,2008,1846
Bulgaria,BGR,2009,1717
Bulgaria,BGR,2010,1589
Bulgaria,BGR,2011,1460
Bulgaria,BGR,2012,1331
Bulgaria,BGR,2013,1196
Bulgaria,BGR,2014,1002
Bulgaria,BGR,2015,1542
Bulgaria,BGR,2016,3759
Bulgaria,BGR,2017,3383
Bulgaria,BGR,2018,5044
Bulgaria,BGR,2019,6660
Bulgaria,BGR,2020,4226
Bulgaria,BGR,2021,4482
Bulgaria,BGR,2022,4385
Bulgaria,BGR,2023,3430
Burkina Faso,BFA,1990,514
Burkina Faso,BFA,1991,514
Burkina Faso,BFA,1992,514
Burkina Faso,BFA,1993,514
Burkina Faso,BFA,1994,514
Burkina Faso,BFA,1995,499
Burkina Faso,BFA,1996,661
Burkina Faso,BFA,1997,914
Burkina Faso,BFA,1998,1171
Burkina Faso,BFA,1999,1023
Burkina Faso,BFA,2000,750
Burkina Faso,BFA,2001,558
Burkina Faso,BFA,2002,762
Burkina Faso,BFA,2003,1060
Burkina Faso,BFA,2004,1387
Burkina Faso,BFA,2005,1581
Burkina Faso,BFA,2006,1809
Burkina Faso,BFA,2007,1759
Burkina Faso,BFA,2008,1528
Burkina Faso,BFA,2009,1166
Burkina Faso,BFA,2010,1043
Burkina Faso,BFA,2011,1059
Burkina Faso,BFA,2012,1255
Burkina Faso,BFA,2013,1560
Burkina Faso,BFA,2014,1781
Burkina Faso,BFA,2015,2046
Burkina Faso,BFA,2016,2646
Burkina Faso,BFA,2017,2938
Burkina Faso,BFA,2018,3123
Burkina Faso,BFA,2019,2793
Burkina Faso,BFA,2020,2849
Burkina Faso,BFA,2021,3038
Burkina Faso,BFA,2022,3498
Burkina Faso,BFA,2023,3838
Burundi,BDI,1990,92
Burundi,BDI,1991,92
Burundi,BDI,1992,92
Burundi,BDI,1993,97
Burundi,BDI,1994,84
Burundi,BDI,1995,144
Burundi,BDI,1996,207
Burundi,BDI,1997,118
Burundi,BDI,1998,107
Burundi,BDI,1999,150
Burundi,BDI,2000,110
Burundi,BDI,2001,73
Burundi,BDI,2002,98
Burundi,BDI,2003,264
Burundi,BDI,2004,508
Burundi,BDI,2005,305
Burundi,BDI,2006,191
Burundi,BDI,2007,413
Burundi,BDI,2008,456
Burundi,BDI,2009,178
Burundi,BDI,2010,265
Burundi,BDI,2011,76
Burundi,BDI,2012,99
Burundi,BDI,2013,956
Burundi,BDI,2014,74
Burundi,BDI,2015,73
Burundi,BDI,2016,50
Burundi,BDI,2017,50
Burundi,BDI,2018,50
Burundi,BDI,2019,50
Burundi,BDI,2020,50
Burundi,BDI,2021,50
Burundi,BDI,2022,50
Burundi,BDI,2023,50
Cambodia,KHM,1990,481
Cambodia,KHM,1991,481
Cambodia,KHM,1992,481
Cambodia,KHM,1993,481
Cambodia,KHM,1994,481
Cambodia,KHM,1995,481
Cambodia,KHM,1996,481
Cambodia,KHM,1997,481
Cambodia,KHM,1998,481
Cambodia,KHM,1999,481
Cambodia,KHM,2000,445
Cambodia,KHM,2001,428
Cambodia,KHM,2002,412
Cambodia,KHM,2003,421
Cambodia,KHM,2004,405
Cambodia,KHM,2005,444
Cambodia,KHM,2006,533
Cambodia,KHM,2007,733
Cambodia,KHM,2008,774
Cambodia,KHM,2009,939
Cambodia,KHM,2010,1198
Cambodia,KHM,2011,1673
Cambodia,KHM,2012,2387
Cambodia,KHM,2013,3288
Cambodia,KHM,2014,4339
Cambodia,KHM,2015,5091
Cambodia,KHM,2016,4595
Cambodia,KHM,2017,5331
Cambodia,KHM,2018,7720
Cambodia,KHM,2019,11820
Cambodia,KHM,2020,15273
Cambodia,KHM,2021,17264
Cambodia,KHM,2022,18810
Cambodia,KHM,2023,19305
Cameroon,CMR,1990,2227
Cameroon,CMR,1991,1504
Cameroon,CMR,1992,1844
Cameroon,CMR,1993,1245
Cameroon,CMR,1994,647
Cameroon,CMR,1995,48
Cameroon,CMR,1996,180
Cameroon,CMR,1997,630
Cameroon,CMR,1998,258
Cameroon,CMR,1999,653
Cameroon,CMR,2000,545
Cameroon,CMR,2001,687
Cameroon,CMR,2002,2191
Cameroon,CMR,2003,2244
Cameroon,CMR,2004,2525
Cameroon,CMR,2005,2255
Cameroon,CMR,2006,2753
Cameroon,CMR,2007,2820
Cameroon,CMR,2008,2595
Cameroon,CMR,2009,2319
Cameroon,CMR,2010,3470
Cameroon,CMR,2011,3964
Cameroon,CMR,2012,4011
Cameroon,CMR,2013,4536
Cameroon,CMR,2014,5480
Cameroon,CMR,2015,5838
Cameroon,CMR,2016,4831
Cameroon,CMR,2017,7069
Cameroon,CMR,2018,7322
Cameroon,CMR,2019,8195
Cameroon,CMR,2020,10661
Cameroon,CMR,2021,9906
Cameroon,CMR,2022,9906
Cameroon,CMR,2023,9906
Canada,CAN,1990,29568
Canada,CAN,1991,29478
Canada,CAN,1992,29387
Canada,CAN,1993,29297
Canada,CAN,1994,29206
Canada,CAN,1995,32235
Canada,CAN,1996,35264
Canada,CAN,1997,38293
Canada,CAN,1998,41322
Canada,CAN,1999,44351
Canada,CAN,2000,39718
Canada,CAN,2001,38501
Canada,CAN,2002,34265
Canada,CAN,2003,35628
Canada,CAN,2004,36164
Canada,CAN,2005,36382
Canada,CAN,2006,36586
Canada,CAN,2007,45146
Canada,CAN,2008,53707
Canada,CAN,2009,54529
Canada,CAN,2010,61050
Canada,CAN,2011,62107
Canada,CAN,2012,73509
Canada,CAN,2013,81660
Canada,CAN,2014,76314
Canada,CAN,2015,75318
Canada,CAN,2016,90926
Canada,CAN,2017,98304
Canada,CAN,2018,87632
Canada,CAN,2019,78893
Canada,CAN,2020,92960
Canada,CAN,2021,97692
Canada,CAN,2022,95645
Canada,CAN,2023,95645
Cape Verde,CPV,1990,1
Cape Verde,CPV,1991,1
Cape Verde,CPV,1992,1
Cape Verde,CPV,1993,1
Cape Verde,CPV,1994,2
Cape Verde,CPV,1995,1
Cape Verde,CPV,1996,1
Cape Verde,CPV,1997,2
Cape Verde,CPV,1998,7
Cape Verde,CPV,1999,11
Cape Verde,CPV,2000,7
Cape Verde,CPV,2001,5
Cape Verde,CPV,2002,5
Cape Verde,CPV,2003,5
Cape Verde,CPV,2004,5
Cape Verde,CPV,2005,5
Cape Verde,CPV,2006,5
Cape Verde,CPV,2007,5
Cape Verde,CPV,2008,5
Cape Verde,CPV,2009,5
Cape Verde,CPV,2010,5
Cape Verde,CPV,2011,5
Cape Verde,CPV,2012,5
Cape Verde,CPV,2013,5
Cape Verde,CPV,2014,5
Cape Verde,CPV,2015,5
Cape Verde,CPV,2016,5
Cape Verde,CPV,2017,5
Cape Verde,CPV,2018,5
Cape Verde,CPV,2019,5
Cape Verde,CPV,2020,5
Cape Verde,CPV,2021,5
Cape Verde,CPV,2022,5
Cape Verde,CPV,2023,5
Caribbean (FAO),,1990,14117
Caribbean (FAO),,1991,14113
Caribbean (FAO),,1992,14101
Caribbean (FAO),,1993,14080
Caribbean (FAO),,1994,14154
Caribbean (FAO),,1995,12765
Caribbean (FAO),,1996,12868
Caribbean (FAO),,1997,12286
Caribbean (FAO),,1998,13425
Caribbean (FAO),,1999,13598
Caribbean (FAO),,2000,13725
Caribbean (FAO),,2001,15775
Caribbean (FAO),,2002,12364
Caribbean (FAO),,2003,9188
Caribbean (FAO),,2004,12035
Caribbean (FAO),,2005,12220
Caribbean (FAO),,2006,12669
Caribbean (FAO),,2007,14262
Caribbean (FAO),,2008,13962
Caribbean (FAO),,2009,14498
Caribbean (FAO),,2010,14901
Caribbean (FAO),,2011,15586
Caribbean (FAO),,2012,16072
Caribbean (FAO),,2013,16008
Caribbean (FAO),,2014,15417
Caribbean (FAO),,2015,13992
Caribbean (FAO),,2016,14856
Caribbean (FAO),,2017,15643
Caribbean (FAO),,2018,15057
Caribbean (FAO),,2019,13205
Caribbean (FAO),,2020,11650
Caribbean (FAO),,2021,9652
Caribbean (FAO),,2022,9128
Caribbean (FAO),,2023,9099
Cayman Islands,CYM,1990,569
Cayman Islands,CYM,1991,569
Cayman Islands,CYM,1992,569
Cayman Islands,CYM,1993,569
Cayman Islands,CYM,1994,569
Cayman Islands,CYM,1995,569
Cayman Islands,CYM,1996,569
Cayman Islands,CYM,1997,569
Cayman Islands,CYM,1998,569
Cayman Islands,CYM,1999,569
Cayman Islands,CYM,2000,569
Cayman Islands,CYM,2001,569
Cayman Islands,CYM,2002,569
Cayman Islands,CYM,2003,569
Cayman Islands,CYM,2004,569
Cayman Islands,CYM,2005,569
Cayman Islands,CYM,2006,569
Cayman Islands,CYM,2007,569
Cayman Islands,CYM,2008,569
Cayman Islands,CYM,2009,569
Cayman Islands,CYM,2010,569
Cayman Islands,CYM,2011,569
Cayman Islands,CYM,2012,569
Cayman Islands,CYM,2013,569
Cayman Islands,CYM,2014,569
Cayman Islands,CYM,2015,569
Cayman Islands,CYM,2016,569
Cayman Islands,CYM,2017,569
Cayman Islands,CYM,2018,569
Cayman Islands,CYM,2019,594
Cayman Islands,CYM,2020,644
Cayman Islands,CYM,2021,577
Cayman Islands,CYM,2022,624
Cayman Islands,CYM,2023,576
Central African Republic,CAF,1990,153
Central African Republic,CAF,1991,111
Central African Republic,CAF,1992,72
Central African Republic,CAF,1993,55
Central African Republic,CAF,1994,92
Central African Republic,CAF,1995,121
Central African Republic,CAF,1996,120
Central African Republic,CAF,1997,104
Central African Republic,CAF,1998,82
Central African Republic,CAF,1999,70
Central African Republic,CAF,2000,42
Central African Republic,CAF,2001,27
Central African Republic,CAF,2002,21
Central African Republic,CAF,2003,35
Central African Republic,CAF,2004,39
Central African Republic,CAF,2005,31
Central African Republic,CAF,2006,21
Central African Republic,CAF,2007,38
Central African Republic,CAF,2008,45
Central African Republic,CAF,2009,52
Central African Republic,CAF,2010,48
Central African Republic,CAF,2011,49
Central African Republic,CAF,2012,37
Central African Republic,CAF,2013,28
Central African Republic,CAF,2014,21
Central African Republic,CAF,2015,24
Central African Republic,CAF,2016,41
Central African Republic,CAF,2017,45
Central African Republic,CAF,2018,55
Central African Republic,CAF,2019,49
Central African Republic,CAF,2020,63
Central African Republic,CAF,2021,204
Central African Republic,CAF,2022,199
Central African Republic,CAF,2023,260
Central America (FAO),,1990,51832
Central America (FAO),,1991,52120
Central America (FAO),,1992,54863
Central America (FAO),,1993,55973
Central America (FAO),,1994,54416
Central America (FAO),,1995,56772
Central America (FAO),,1996,57752
Central America (FAO),,1997,60515
Central America (FAO),,1998,60414
Central America (FAO),,1999,61432
Central America (FAO),,2000,65586
Central America (FAO),,2001,56973
Central America (FAO),,2002,46808
Central America (FAO),,2003,52686
Central America (FAO),,2004,56345
Central America (FAO),,2005,83362
Central America (FAO),,2006,83616
Central America (FAO),,2007,106513
Central America (FAO),,2008,103894
Central America (FAO),,2009,95812
Central America (FAO),,2010,105672
Central America (FAO),,2011,98792
Central America (FAO),,2012,96865
Central America (FAO),,2013,103227
Central America (FAO),,2014,89980
Central America (FAO),,2015,91416
Central America (FAO),,2016,90810
Central America (FAO),,2017,96310
Central America (FAO),,2018,97025
Central America (FAO),,2019,83255
Central America (FAO),,2020,101177
Central America (FAO),,2021,106944
Central America (FAO),,2022,102018
Central America (FAO),,2023,98587
Central Asia (FAO),,1992,20566
Central Asia (FAO),,1993,20349
Central Asia (FAO),,1994,20132
Central Asia (FAO),,1995,16267
Central Asia (FAO),,1996,15562
Central Asia (FAO),,1997,10379
Central Asia (FAO),,1998,8541
Central Asia (FAO),,1999,6625
Central Asia (FAO),,2000,4741
Central Asia (FAO),,2001,4574
Central Asia (FAO),,2002,5052
Central Asia (FAO),,2003,5866
Central Asia (FAO),,2004,6080
Central Asia (FAO),,2005,5704
Central Asia (FAO),,2006,5678
Central Asia (FAO),,2007,7557
Central Asia (FAO),,2008,8662
Central Asia (FAO),,2009,9937
Central Asia (FAO),,2010,7588
Central Asia (FAO),,2011,11923
Central Asia (FAO),,2012,9993
Central Asia (FAO),,2013,10032
Central Asia (FAO),,2014,12514
Central Asia (FAO),,2015,12057
Central Asia (FAO),,2016,11880
Central Asia (FAO),,2017,15508
Central Asia (FAO),,2018,14880
Central Asia (FAO),,2019,15543
Central Asia (FAO),,2020,16879
Central Asia (FAO),,2021,21149
Central Asia (FAO),,2022,11666
Central Asia (FAO),,2023,11720
Chad,TCD,1990,60
Chad,TCD,1991,60
Chad,TCD,1992,60
Chad,TCD,1993,60
Chad,TCD,1994,60
Chad,TCD,1995,58
Chad,TCD,1996,55
Chad,TCD,1997,53
Chad,TCD,1998,53
Chad,TCD,1999,53
Chad,TCD,2000,53
Chad,TCD,2001,53
Chad,TCD,2002,53
Chad,TCD,2003,53
Chad,TCD,2004,53
Chad,TCD,2005,53
Chad,TCD,2006,53
Chad,TCD,2007,53
Chad,TCD,2008,53
Chad,TCD,2009,53
Chad,TCD,2010,53
Chad,TCD,2011,52
Chad,TCD,2012,50
Chad,TCD,2013,48
Chad,TCD,2014,45
Chad,TCD,2015,44
Chad,TCD,2016,44
Chad,TCD,2017,45
Chad,TCD,2018,46
Chad,TCD,2019,48
Chad,TCD,2020,49
Chad,TCD,2021,50
Chad,TCD,2022,52
Chad,TCD,2023,52
Chile,CHL,1990,3369
Chile,CHL,1991,3356
Chile,CHL,1992,3179
Chile,CHL,1993,3175
Chile,CHL,1994,3294
Chile,CHL,1995,3679
Chile,CHL,1996,4512
Chile,CHL,1997,4904
Chile,CHL,1998,4917
Chile,CHL,1999,4579
Chile,CHL,2000,4802
Chile,CHL,2001,5126
Chile,CHL,2002,5643
Chile,CHL,2003,5549
Chile,CHL,2004,5917
Chile,CHL,2005,6429
Chile,CHL,2006,6555
Chile,CHL,2007,6538
Chile,CHL,2008,6469
Chile,CHL,2009,7014
Chile,CHL,2010,6895
Chile,CHL,2011,7028
Chile,CHL,2012,7421
Chile,CHL,2013,8060
Chile,CHL,2014,8359
Chile,CHL,2015,9651
Chile,CHL,2016,11817
Chile,CHL,2017,13564
Chile,CHL,2018,13039
Chile,CHL,2019,12944
Chile,CHL,2020,14129
Chile,CHL,2021,16997
Chile,CHL,2022,17611
Chile,CHL,2023,17659
China,CHN,1990,144460
China,CHN,1991,144460
China,CHN,1992,150859
China,CHN,1993,159466
China,CHN,1994,184722
China,CHN,1995,205184
China,CHN,1996,215340
China,CHN,1997,225665
China,CHN,1998,232498
China,CHN,1999,249468
China,CHN,2000,241521
China,CHN,2001,240634
China,CHN,2002,247524
China,CHN,2003,250147
China,CHN,2004,261624
China,CHN,2005,275574
China,CHN,2006,290146
China,CHN,2007,306323
China,CHN,2008,315667
China,CHN,2009,322594
China,CHN,2010,331881
China,CHN,2011,337318
China,CHN,2012,340923
China,CHN,2013,341225
China,CHN,2014,340394
China,CHN,2015,336563
China,CHN,2016,328540
China,CHN,2017,312420
China,CHN,2018,283822
China,CHN,2019,262700
China,CHN,2020,247844
China,CHN,2021,233876
China,CHN,2022,224717
China,CHN,2023,217996
China (FAO),,1990,154627
China (FAO),,1991,154601
China (FAO),,1992,160988
China (FAO),,1993,169583
China (FAO),,1994,194845
China (FAO),,1995,215277
China (FAO),,1996,225428
China (FAO),,1997,235142
China (FAO),,1998,241541
China (FAO),,1999,261009
China (FAO),,2000,250632
China (FAO),,2001,249213
China (FAO),,2002,258218
China (FAO),,2003,260474
China (FAO),,2004,271521
China (FAO),,2005,284981
China (FAO),,2006,299316
China (FAO),,2007,315920
China (FAO),,2008,324564
China (FAO),,2009,331298
China (FAO),,2010,339850
China (FAO),,2011,345719
China (FAO),,2012,350469
China (FAO),,2013,351037
China (FAO),,2014,349220
China (FAO),,2015,346087
China (FAO),,2016,338312
China (FAO),,2017,323253
China (FAO),,2018,294682
China (FAO),,2019,273570
China (FAO),,2020,258758
China (FAO),,2021,244863
China (FAO),,2022,235724
China (FAO),,2023,229026
Colombia,COL,1990,18058
Colombia,COL,1991,16817
Colombia,COL,1992,15306
Colombia,COL,1993,14962
Colombia,COL,1994,17051
Colombia,COL,1995,20156
Colombia,COL,1996,18081
Colombia,COL,1997,16005
Colombia,COL,1998,60687
Colombia,COL,1999,66088
Colombia,COL,2000,75843
Colombia,COL,2001,85515
Colombia,COL,2002,84023
Colombia,COL,2003,88772
Colombia,COL,2004,105514
Colombia,COL,2005,117881
Colombia,COL,2006,98329
Colombia,COL,2007,82439
Colombia,COL,2008,48539
Colombia,COL,2009,51435
Colombia,COL,2010,48618
Colombia,COL,2011,53797
Colombia,COL,2012,48728
Colombia,COL,2013,54563
Colombia,COL,2014,73744
Colombia,COL,2015,33689
Colombia,COL,2016,32392
Colombia,COL,2017,37699
Colombia,COL,2018,37773
Colombia,COL,2019,36711
Colombia,COL,2020,39324
Colombia,COL,2021,78231
Colombia,COL,2022,78231
Colombia,COL,2023,19419
Comoros,COM,1990,14
Comoros,COM,1991,14
Comoros,COM,1992,14
Comoros,COM,1993,14
Comoros,COM,1994,14
Comoros,COM,1995,18
Comoros,COM,1996,20
Comoros,COM,1997,19
Comoros,COM,1998,15
Comoros,COM,1999,13
Comoros,COM,2000,12
Comoros,COM,2001,11
Comoros,COM,2002,8
Comoros,COM,2003,5
Comoros,COM,2004,3
Comoros,COM,2005,2
Comoros,COM,2006,5
Comoros,COM,2007,8
Comoros,COM,2008,15
Comoros,COM,2009,20
Comoros,COM,2010,25
Comoros,COM,2011,25
Comoros,COM,2012,20
Comoros,COM,2013,16
Comoros,COM,2014,10
Comoros,COM,2015,15
Comoros,COM,2016,16
Comoros,COM,2017,21
Comoros,COM,2018,21
Comoros,COM,2019,26
Comoros,COM,2020,33
Comoros,COM,2021,37
Comoros,COM,2022,40
Comoros,COM,2023,40
Congo,COG,1990,41
Congo,COG,1991,48
Congo,COG,1992,65
Congo,COG,1993,104
Congo,COG,1994,156
Congo,COG,1995,205
Congo,COG,1996,239
Congo,COG,1997,260
Congo,COG,1998,281
Congo,COG,1999,302
Congo,COG,2000,323
Congo,COG,2001,344
Congo,COG,2002,365
Congo,COG,2003,386
Congo,COG,2004,407
Congo,COG,2005,428
Congo,COG,2006,449
Congo,COG,2007,424
Congo,COG,2008,463
Congo,COG,2009,480
Congo,COG,2010,599
Congo,COG,2011,653
Congo,COG,2012,770
Congo,COG,2013,858
Congo,COG,2014,803
Congo,COG,2015,691
Congo,COG,2016,500
Congo,COG,2017,463
Congo,COG,2018,471
Congo,COG,2019,579
Congo,COG,2020,724
Congo,COG,2021,1488
Congo,COG,2022,2198
Congo,COG,2023,2854
Cook Islands,COK,1990,10
Cook Islands,COK,1991,10
Cook Islands,COK,1992,10
Cook Islands,COK,1993,12
Cook Islands,COK,1994,15
Cook Islands,COK,1995,16
Cook Islands,COK,1996,13
Cook Islands,COK,1997,9
Cook Islands,COK,1998,11
Cook Islands,COK,1999,12
Cook Islands,COK,2000,15
Cook Islands,COK,2001,16
Cook Islands,COK,2002,18
Cook Islands,COK,2003,20
Cook Islands,COK,2004,21
Cook Islands,COK,2005,20
Cook Islands,COK,2006,20
Cook Islands,COK,2007,20
Cook Islands,COK,2008,20
Cook Islands,COK,2009,17
Cook Islands,COK,2010,16
Cook Islands,COK,2011,14
Cook Islands,COK,2012,15
Cook Islands,COK,2013,15
Cook Islands,COK,2014,15
Cook Islands,COK,2015,15
Cook Islands,COK,2016,15
Cook Islands,COK,2017,15
Cook Islands,COK,2018,15
Cook Islands,COK,2019,15
Cook Islands,COK,2020,15
Cook Islands,COK,2021,15
Cook Islands,COK,2022,15
Cook Islands,COK,2023,15
Costa Rica,CRI,1990,1447
Costa Rica,CRI,1991,1447
Costa Rica,CRI,1992,1447
Costa Rica,CRI,1993,1447
Costa Rica,CRI,1994,1475
Costa Rica,CRI,1995,1503
Costa Rica,CRI,1996,2748
Costa Rica,CRI,1997,4105
Costa Rica,CRI,1998,7898
Costa Rica,CRI,1999,11091
Costa Rica,CRI,2000,14283
Costa Rica,CRI,2001,10704
Costa Rica,CRI,2002,11044
Costa Rica,CRI,2003,11385
Costa Rica,CRI,2004,11725
Costa Rica,CRI,2005,12066
Costa Rica,CRI,2006,12406
Costa Rica,CRI,2007,12747
Costa Rica,CRI,2008,13317
Costa Rica,CRI,2009,12307
Costa Rica,CRI,2010,14241
Costa Rica,CRI,2011,12811
Costa Rica,CRI,2012,12575
Costa Rica,CRI,2013,12340
Costa Rica,CRI,2014,12104
Costa Rica,CRI,2015,11868
Costa Rica,CRI,2016,11633
Costa Rica,CRI,2017,11397
Costa Rica,CRI,2018,10285
Costa Rica,CRI,2019,11867
Costa Rica,CRI,2020,11842
Costa Rica,CRI,2021,9172
Costa Rica,CRI,2022,9128
Costa Rica,CRI,2023,9451
Cote d'Ivoire,CIV,1990,16
Cote d'Ivoire,CIV,1991,16
Cote d'Ivoire,CIV,1992,16
Cote d'Ivoire,CIV,1993,16
Cote d'Ivoire,CIV,1994,143
Cote d'Ivoire,CIV,1995,134
Cote d'Ivoire,CIV,1996,106
Cote d'Ivoire,CIV,1997,102
Cote d'Ivoire,CIV,1998,98
Cote d'Ivoire,CIV,1999,94
Cote d'Ivoire,CIV,2000,90
Cote d'Ivoire,CIV,2001,86
Cote d'Ivoire,CIV,2002,82
Cote d'Ivoire,CIV,2003,78
Cote d'Ivoire,CIV,2004,74
Cote d'Ivoire,CIV,2005,70
Cote d'Ivoire,CIV,2006,66
Cote d'Ivoire,CIV,2007,62
Cote d'Ivoire,CIV,2008,58
Cote d'Ivoire,CIV,2009,54
Cote d'Ivoire,CIV,2010,50
Cote d'Ivoire,CIV,2011,46
Cote d'Ivoire,CIV,2012,42
Cote d'Ivoire,CIV,2013,38
Cote d'Ivoire,CIV,2014,34
Cote d'Ivoire,CIV,2015,30
Cote d'Ivoire,CIV,2016,26
Cote d'Ivoire,CIV,2017,22
Cote d'Ivoire,CIV,2018,29
Cote d'Ivoire,CIV,2019,92
Cote d'Ivoire,CIV,2020,89
Cote d'Ivoire,CIV,2021,23
Cote d'Ivoire,CIV,2022,23
Cote d'Ivoire,CIV,2023,23
Croatia,HRV,1992,2304
Croatia,HRV,1993,2675
Croatia,HRV,1994,3047
Croatia,HRV,1995,3418
Croatia,HRV,1996,3148
Croatia,HRV,1997,3042
Croatia,HRV,1998,2935
Croatia,HRV,1999,2829
Croatia,HRV,2000,2723
Croatia,HRV,2001,2616
Croatia,HRV,2002,2510
Croatia,HRV,2003,2403
Croatia,HRV,2004,2297
Croatia,HRV,2005,2184
Croatia,HRV,2006,2214
Croatia,HRV,2007,2079
Croatia,HRV,2008,2453
Croatia,HRV,2009,2135
Croatia,HRV,2010,1605
Croatia,HRV,2011,1682
Croatia,HRV,2012,1759
Croatia,HRV,2013,2006
Croatia,HRV,2014,2119
Croatia,HRV,2015,2311
Croatia,HRV,2016,1861
Croatia,HRV,2017,1577
Croatia,HRV,2018,1698
Croatia,HRV,2019,1564
Croatia,HRV,2020,1655
Croatia,HRV,2021,1470
Croatia,HRV,2022,1508
Croatia,HRV,2023,1224
Cuba,CUB,1990,4189
Cuba,CUB,1991,4189
Cuba,CUB,1992,4189
Cuba,CUB,1993,4189
Cuba,CUB,1994,4189
Cuba,CUB,1995,4189
Cuba,CUB,1996,4189
Cuba,CUB,1997,4189
Cuba,CUB,1998,4189
Cuba,CUB,1999,3875
Cuba,CUB,2000,3657
Cuba,CUB,2001,3456
Cuba,CUB,2002,3118
Cuba,CUB,2003,2980
Cuba,CUB,2004,3115
Cuba,CUB,2005,3539
Cuba,CUB,2006,3685
Cuba,CUB,2007,3558
Cuba,CUB,2008,3610
Cuba,CUB,2009,3663
Cuba,CUB,2010,3716
Cuba,CUB,2011,3768
Cuba,CUB,2012,3821
Cuba,CUB,2013,3874
Cuba,CUB,2014,3926
Cuba,CUB,2015,3979
Cuba,CUB,2016,3549
Cuba,CUB,2017,3112
Cuba,CUB,2018,2398
Cuba,CUB,2019,1961
Cuba,CUB,2020,1325
Cuba,CUB,2021,957
Cuba,CUB,2022,778
Cuba,CUB,2023,788
Cyprus,CYP,1990,2185
Cyprus,CYP,1991,1971
Cyprus,CYP,1992,1696
Cyprus,CYP,1993,2044
Cyprus,CYP,1994,2518
Cyprus,CYP,1995,2031
Cyprus,CYP,1996,2417
Cyprus,CYP,1997,2224
Cyprus,CYP,1998,1731
Cyprus,CYP,1999,1238
Cyprus,CYP,2000,745
Cyprus,CYP,2001,865
Cyprus,CYP,2002,1061
Cyprus,CYP,2003,796
Cyprus,CYP,2004,717
Cyprus,CYP,2005,678
Cyprus,CYP,2006,861
Cyprus,CYP,2007,535
Cyprus,CYP,2008,478
Cyprus,CYP,2009,729
Cyprus,CYP,2010,632
Cyprus,CYP,2011,1235
Cyprus,CYP,2012,1167
Cyprus,CYP,2013,1120
Cyprus,CYP,2014,1095
Cyprus,CYP,2015,1057
Cyprus,CYP,2016,1142
Cyprus,CYP,2017,1163
Cyprus,CYP,2018,1184
Cyprus,CYP,2019,1231
Cyprus,CYP,2020,1191
Cyprus,CYP,2021,1104
Cyprus,CYP,2022,1010
Cyprus,CYP,2023,825
Czechia,CZE,1993,3545
Czechia,CZE,1994,3593
Czechia,CZE,1995,3757
Czechia,CZE,1996,3631
Czechia,CZE,1997,4085
Czechia,CZE,1998,4351
Czechia,CZE,1999,4242
Czechia,CZE,2000,4533
Czechia,CZE,2001,4649
Czechia,CZE,2002,4978
Czechia,CZE,2003,4590
Czechia,CZE,2004,5318
Czechia,CZE,2005,5385
Czechia,CZE,2006,5693
Czechia,CZE,2007,6194
Czechia,CZE,2008,5440
Czechia,CZE,2009,4760
Czechia,CZE,2010,4957
Czechia,CZE,2011,7049
Czechia,CZE,2012,6515
Czechia,CZE,2013,6189
Czechia,CZE,2014,5663
Czechia,CZE,2015,6311
Czechia,CZE,2016,5943
Czechia,CZE,2017,5248
Czechia,CZE,2018,5178
Czechia,CZE,2019,5053
Czechia,CZE,2020,4360
Czechia,CZE,2021,4480
Czechia,CZE,2022,5543
Czechia,CZE,2023,4573
Czechoslovakia,OWID_CZS,1990,9839
Czechoslovakia,OWID_CZS,1991,9839
Czechoslovakia,OWID_CZS,1992,9839
Democratic Republic of Congo,COD,1990,1106
Democratic Republic of Congo,COD,1991,1106
Democratic Republic of Congo,COD,1992,1106
Democratic Republic of Congo,COD,1993,1106
Democratic Republic of Congo,COD,1994,1106
Democratic Republic of Congo,COD,1995,1106
Democratic Republic of Congo,COD,1996,1106
Democratic Republic of Congo,COD,1997,1106
Democratic Republic of Congo,COD,1998,1106
Democratic Republic of Congo,COD,1999,1106
Democratic Republic of Congo,COD,2000,1106
Democratic Republic of Congo,COD,2001,1106
Democratic Republic of Congo,COD,2002,1106
Democratic Republic of Congo,COD,2003,1106
Democratic Republic of Congo,COD,2004,1106
Democratic Republic of Congo,COD,2005,1106
Democratic Republic of Congo,COD,2006,1106
Democratic Republic of Congo,COD,2007,1106
Democratic Republic of Congo,COD,2008,1106
Democratic Republic of Congo,COD,2009,1106
Democratic Republic of Congo,COD,2010,1106
Democratic Republic of Congo,COD,2011,1106
Democratic Republic of Congo,COD,2012,1106
Democratic Republic of Congo,COD,2013,1106
Democratic Republic of Congo,COD,2014,1106
Democratic Republic of Congo,COD,2015,1130
Democratic Republic of Congo,COD,2016,1114
Democratic Republic of Congo,COD,2017,1082
Democratic Republic of Congo,COD,2018,1045
Democratic Republic of Congo,COD,2019,1014
Democratic Republic of Congo,COD,2020,962
Democratic Republic of Congo,COD,2021,953
Democratic Republic of Congo,COD,2022,1369
Democratic Republic of Congo,COD,2023,1626
Denmark,DNK,1990,5650
Denmark,DNK,1991,4628
Denmark,DNK,1992,4566
Denmark,DNK,1993,4103
Denmark,DNK,1994,3922
Denmark,DNK,1995,5043
Denmark,DNK,1996,3672
Denmark,DNK,1997,3679
Denmark,DNK,1998,3623
Denmark,DNK,1999,2867
Denmark,DNK,2000,3174
Denmark,DNK,2001,3311
Denmark,DNK,2002,2868
Denmark,DNK,2003,2954
Denmark,DNK,2004,2899
Denmark,DNK,2005,3246
Denmark,DNK,2006,3212
Denmark,DNK,2007,3336
Denmark,DNK,2008,4145
Denmark,DNK,2009,2836
Denmark,DNK,2010,3894
Denmark,DNK,2011,4549
Denmark,DNK,2012,5959
Denmark,DNK,2013,4197
Denmark,DNK,2014,1822
Denmark,DNK,2015,2584
Denmark,DNK,2016,2587
Denmark,DNK,2017,2706
Denmark,DNK,2018,2646
Denmark,DNK,2019,2661
Denmark,DNK,2020,3167
Denmark,DNK,2021,2975
Denmark,DNK,2022,3257
Denmark,DNK,2023,3314
Djibouti,DJI,1990,21
Djibouti,DJI,1991,20
Djibouti,DJI,1992,20
Djibouti,DJI,1993,20
Djibouti,DJI,1994,20
Djibouti,DJI,1995,20
Djibouti,DJI,1996,20
Djibouti,DJI,1997,20
Djibouti,DJI,1998,20
Djibouti,DJI,1999,20
Djibouti,DJI,2000,19
Djibouti,DJI,2001,19
Djibouti,DJI,2002,19
Djibouti,DJI,2003,19
Djibouti,DJI,2004,19
Djibouti,DJI,2005,19
Djibouti,DJI,2006,19
Djibouti,DJI,2007,19
Djibouti,DJI,2008,19
Djibouti,DJI,2009,19
Djibouti,DJI,2010,21
Djibouti,DJI,2011,24
Djibouti,DJI,2012,27
Djibouti,DJI,2013,30
Djibouti,DJI,2014,33
Djibouti,DJI,2015,36
Djibouti,DJI,2016,39
Djibouti,DJI,2017,42
Djibouti,DJI,2018,45
Djibouti,DJI,2019,48
Djibouti,DJI,2020,51
Djibouti,DJI,2021,44
Djibouti,DJI,2022,107
Djibouti,DJI,2023,133
Dominican Republic,DOM,1990,4971
Dominican Republic,DOM,1991,4971
Dominican Republic,DOM,1992,4971
Dominican Republic,DOM,1993,4971
Dominican Republic,DOM,1994,4971
Dominican Republic,DOM,1995,3449
Dominican Republic,DOM,1996,3493
Dominican Republic,DOM,1997,3846
Dominican Republic,DOM,1998,4375
Dominican Republic,DOM,1999,4729
Dominican Republic,DOM,2000,5082
Dominican Republic,DOM,2001,7182
Dominican Republic,DOM,2002,4018
Dominican Republic,DOM,2003,854
Dominican Republic,DOM,2004,3714
Dominican Republic,DOM,2005,3516
Dominican Republic,DOM,2006,4116
Dominican Republic,DOM,2007,5690
Dominican Republic,DOM,2008,5409
Dominican Republic,DOM,2009,5975
Dominican Republic,DOM,2010,6317
Dominican Republic,DOM,2011,6384
Dominican Republic,DOM,2012,6452
Dominican Republic,DOM,2013,6519
Dominican Republic,DOM,2014,6587
Dominican Republic,DOM,2015,5028
Dominican Republic,DOM,2016,5874
Dominican Republic,DOM,2017,6815
Dominican Republic,DOM,2018,7069
Dominican Republic,DOM,2019,5571
Dominican Republic,DOM,2020,4072
Dominican Republic,DOM,2021,2574
Dominican Republic,DOM,2022,1984
Dominican Republic,DOM,2023,1984
East Timor,TLS,1990,3
East Timor,TLS,1991,3
East Timor,TLS,1992,3
East Timor,TLS,1993,3
East Timor,TLS,1994,3
East Timor,TLS,1995,3
East Timor,TLS,1996,3
East Timor,TLS,1997,3
East Timor,TLS,1998,3
East Timor,TLS,1999,3
East Timor,TLS,2000,3
East Timor,TLS,2001,3
East Timor,TLS,2002,3
East Timor,TLS,2003,3
East Timor,TLS,2004,3
East Timor,TLS,2005,3
East Timor,TLS,2006,5
East Timor,TLS,2007,8
East Timor,TLS,2008,12
East Timor,TLS,2009,15
East Timor,TLS,2010,18
East Timor,TLS,2011,21
East Timor,TLS,2012,25
East Timor,TLS,2013,30
East Timor,TLS,2014,36
East Timor,TLS,2015,45
East Timor,TLS,2016,53
East Timor,TLS,2017,59
East Timor,TLS,2018,70
East Timor,TLS,2019,89
East Timor,TLS,2020,119
East Timor,TLS,2021,138
East Timor,TLS,2022,152
East Timor,TLS,2023,152
Eastern Africa (FAO),,1990,10766
Eastern Africa (FAO),,1991,11980
Eastern Africa (FAO),,1992,8098
Eastern Africa (FAO),,1993,6461
Eastern Africa (FAO),,1994,9265
Eastern Africa (FAO),,1995,10139
Eastern Africa (FAO),,1996,10985
Eastern Africa (FAO),,1997,9384
Eastern Africa (FAO),,1998,9758
Eastern Africa (FAO),,1999,10564
Eastern Africa (FAO),,2000,10885
Eastern Africa (FAO),,2001,10636
Eastern Africa (FAO),,2002,11004
Eastern Africa (FAO),,2003,11654
Eastern Africa (FAO),,2004,12555
Eastern Africa (FAO),,2005,13445
Eastern Africa (FAO),,2006,15216
Eastern Africa (FAO),,2007,15733
Eastern Africa (FAO),,2008,16419
Eastern Africa (FAO),,2009,19167
Eastern Africa (FAO),,2010,20833
Eastern Africa (FAO),,2011,20983
Eastern Africa (FAO),,2012,23589
Eastern Africa (FAO),,2013,26575
Eastern Africa (FAO),,2014,27437
Eastern Africa (FAO),,2015,28593
Eastern Africa (FAO),,2016,28183
Eastern Africa (FAO),,2017,28832
Eastern Africa (FAO),,2018,29309
Eastern Africa (FAO),,2019,30230
Eastern Africa (FAO),,2020,29788
Eastern Africa (FAO),,2021,29610
Eastern Africa (FAO),,2022,32836
Eastern Africa (FAO),,2023,34975
Eastern Asia (FAO),,1990,259645
Eastern Asia (FAO),,1991,262014
Eastern Asia (FAO),,1992,267643
Eastern Asia (FAO),,1993,275519
Eastern Asia (FAO),,1994,300704
Eastern Asia (FAO),,1995,321059
Eastern Asia (FAO),,1996,329985
Eastern Asia (FAO),,1997,339898
Eastern Asia (FAO),,1998,343581
Eastern Asia (FAO),,1999,366783
Eastern Asia (FAO),,2000,356253
Eastern Asia (FAO),,2001,356282
Eastern Asia (FAO),,2002,354440
Eastern Asia (FAO),,2003,353069
Eastern Asia (FAO),,2004,361649
Eastern Asia (FAO),,2005,373433
Eastern Asia (FAO),,2006,388756
Eastern Asia (FAO),,2007,401462
Eastern Asia (FAO),,2008,408798
Eastern Asia (FAO),,2009,415175
Eastern Asia (FAO),,2010,415972
Eastern Asia (FAO),,2011,416762
Eastern Asia (FAO),,2012,423239
Eastern Asia (FAO),,2013,423655
Eastern Asia (FAO),,2014,424167
Eastern Asia (FAO),,2015,421856
Eastern Asia (FAO),,2016,411731
Eastern Asia (FAO),,2017,398659
Eastern Asia (FAO),,2018,369346
Eastern Asia (FAO),,2019,346399
Eastern Asia (FAO),,2020,329394
Eastern Asia (FAO),,2021,317775
Eastern Asia (FAO),,2022,311041
Eastern Asia (FAO),,2023,300117
Eastern Europe (FAO),,1990,143378
Eastern Europe (FAO),,1991,139334
Eastern Europe (FAO),,1992,139746
Eastern Europe (FAO),,1993,146889
Eastern Europe (FAO),,1994,139642
Eastern Europe (FAO),,1995,131039
Eastern Europe (FAO),,1996,122897
Eastern Europe (FAO),,1997,112788
Eastern Europe (FAO),,1998,108243
Eastern Europe (FAO),,1999,100117
Eastern Europe (FAO),,2000,93517
Eastern Europe (FAO),,2001,89990
Eastern Europe (FAO),,2002,90416
Eastern Europe (FAO),,2003,83054
Eastern Europe (FAO),,2004,91143
Eastern Europe (FAO),,2005,108756
Eastern Europe (FAO),,2006,118534
Eastern Europe (FAO),,2007,128380
Eastern Europe (FAO),,2008,150188
Eastern Europe (FAO),,2009,129101
Eastern Europe (FAO),,2010,157473
Eastern Europe (FAO),,2011,181757
Eastern Europe (FAO),,2012,193328
Eastern Europe (FAO),,2013,189092
Eastern Europe (FAO),,2014,183000
Eastern Europe (FAO),,2015,174579
Eastern Europe (FAO),,2016,183259
Eastern Europe (FAO),,2017,178908
Eastern Europe (FAO),,2018,159719
Eastern Europe (FAO),,2019,164366
Eastern Europe (FAO),,2020,176020
Eastern Europe (FAO),,2021,188232
Eastern Europe (FAO),,2022,178003
Eastern Europe (FAO),,2023,173483
Ecuador,ECU,1990,2537
Ecuador,ECU,1991,2377
Ecuador,ECU,1992,2012
Ecuador,ECU,1993,1844
Ecuador,ECU,1994,2670
Ecuador,ECU,1995,2658
Ecuador,ECU,1996,2407
Ecuador,ECU,1997,7612
Ecuador,ECU,1998,21500
Ecuador,ECU,1999,14216
Ecuador,ECU,2000,17948
Ecuador,ECU,2001,7344
Ecuador,ECU,2002,1302
Ecuador,ECU,2003,30635
Ecuador,ECU,2004,29800
Ecuador,ECU,2005,18391
Ecuador,ECU,2006,7953
Ecuador,ECU,2007,14156
Ecuador,ECU,2008,15396
Ecuador,ECU,2009,9667
Ecuador,ECU,2010,31637
Ecuador,ECU,2011,17529
Ecuador,ECU,2012,11470
Ecuador,ECU,2013,6472
Ecuador,ECU,2014,33574
Ecuador,ECU,2015,44565
Ecuador,ECU,2016,39240
Ecuador,ECU,2017,37808
Ecuador,ECU,2018,37408
Ecuador,ECU,2019,34081
Ecuador,ECU,2020,28018
Ecuador,ECU,2021,33448
Ecuador,ECU,2022,31534
Ecuador,ECU,2023,35220
Egypt,EGY,1990,13214
Egypt,EGY,1991,8255
Egypt,EGY,1992,6156
Egypt,EGY,1993,4175
Egypt,EGY,1994,4283
Egypt,EGY,1995,4391
Egypt,EGY,1996,4499
Egypt,EGY,1997,4607
Egypt,EGY,1998,4715
Egypt,EGY,1999,4823
Egypt,EGY,2000,4931
Egypt,EGY,2001,5039
Egypt,EGY,2002,5147
Egypt,EGY,2003,5255
Egypt,EGY,2004,5363
Egypt,EGY,2005,5471
Egypt,EGY,2006,9781
Egypt,EGY,2007,9105
Egypt,EGY,2008,9527
Egypt,EGY,2009,9013
Egypt,EGY,2010,11590
Egypt,EGY,2011,12945
Egypt,EGY,2012,13991
Egypt,EGY,2013,13653
Egypt,EGY,2014,11363
Egypt,EGY,2015,8044
Egypt,EGY,2016,11524
Egypt,EGY,2017,8107
Egypt,EGY,2018,11277
Egypt,EGY,2019,12909
Egypt,EGY,2020,11748
Egypt,EGY,2021,10545
Egypt,EGY,2022,9469
Egypt,EGY,2023,11635
El Salvador,SLV,1990,2524
El Salvador,SLV,1991,4096
El Salvador,SLV,1992,3941
El Salvador,SLV,1993,3786
El Salvador,SLV,1994,3630
El Salvador,SLV,1995,3475
El Salvador,SLV,1996,3320
El Salvador,SLV,1997,3165
El Salvador,SLV,1998,3009
El Salvador,SLV,1999,2854
El Salvador,SLV,2000,2699
El Salvador,SLV,2001,2544
El Salvador,SLV,2002,2388
El Salvador,SLV,2003,2233
El Salvador,SLV,2004,2078
El Salvador,SLV,2005,1923
El Salvador,SLV,2006,2266
El Salvador,SLV,2007,1941
El Salvador,SLV,2008,3899
El Salvador,SLV,2009,3334
El Salvador,SLV,2010,3599
El Salvador,SLV,2011,3231
El Salvador,SLV,2012,2595
El Salvador,SLV,2013,6005
El Salvador,SLV,2014,5638
El Salvador,SLV,2015,1747
El Salvador,SLV,2016,1419
El Salvador,SLV,2017,3134
El Salvador,SLV,2018,2956
El Salvador,SLV,2019,2526
El Salvador,SLV,2020,3102
El Salvador,SLV,2021,3835
El Salvador,SLV,2022,1542
El Salvador,SLV,2023,2787
Equatorial Guinea,GNQ,1990,3
Equatorial Guinea,GNQ,1991,3
Equatorial Guinea,GNQ,1992,3
Equatorial Guinea,GNQ,1993,19
Equatorial Guinea,GNQ,1994,52
Equatorial Guinea,GNQ,1995,59
Equatorial Guinea,GNQ,1996,50
Equatorial Guinea,GNQ,1997,25
Equatorial Guinea,GNQ,1998,24
Equatorial Guinea,GNQ,1999,23
Equatorial Guinea,GNQ,2000,17
Equatorial Guinea,GNQ,2001,12
Equatorial Guinea,GNQ,2002,9
Equatorial Guinea,GNQ,2003,19
Equatorial Guinea,GNQ,2004,31
Equatorial Guinea,GNQ,2005,61
Equatorial Guinea,GNQ,2006,128
Equatorial Guinea,GNQ,2007,156
Equatorial Guinea,GNQ,2008,164
Equatorial Guinea,GNQ,2009,170
Equatorial Guinea,GNQ,2010,180
Equatorial Guinea,GNQ,2011,204
Equatorial Guinea,GNQ,2012,185
Equatorial Guinea,GNQ,2013,177
Equatorial Guinea,GNQ,2014,157
Equatorial Guinea,GNQ,2015,109
Equatorial Guinea,GNQ,2016,86
Equatorial Guinea,GNQ,2017,62
Equatorial Guinea,GNQ,2018,72
Equatorial Guinea,GNQ,2019,78
Equatorial Guinea,GNQ,2020,80
Equatorial Guinea,GNQ,2021,78
Equatorial Guinea,GNQ,2022,77
Equatorial Guinea,GNQ,2023,78
Eritrea,ERI,1993,4
Eritrea,ERI,1994,4
Eritrea,ERI,1995,4
Eritrea,ERI,1996,4
Eritrea,ERI,1997,31
Eritrea,ERI,1998,20
Eritrea,ERI,1999,22
Eritrea,ERI,2000,25
Eritrea,ERI,2001,28
Eritrea,ERI,2002,28
Eritrea,ERI,2003,28
Eritrea,ERI,2004,28
Eritrea,ERI,2005,28
Eritrea,ERI,2006,28
Eritrea,ERI,2007,28
Eritrea,ERI,2008,28
Eritrea,ERI,2009,28
Eritrea,ERI,2010,28
Eritrea,ERI,2011,28
Eritrea,ERI,2012,28
Eritrea,ERI,2013,28
Eritrea,ERI,2014,28
Eritrea,ERI,2015,28
Eritrea,ERI,2016,28
Eritrea,ERI,2017,28
Eritrea,ERI,2018,28
Eritrea,ERI,2019,28
Eritrea,ERI,2020,28
Eritrea,ERI,2021,28
Eritrea,ERI,2022,28
Eritrea,ERI,2023,28
Estonia,EST,1992,469
Estonia,EST,1993,170
Estonia,EST,1994,176
Estonia,EST,1995,154
Estonia,EST,1996,133
Estonia,EST,1997,200
Estonia,EST,1998,195
Estonia,EST,1999,187
Estonia,EST,2000,315
Estonia,EST,2001,329
Estonia,EST,2002,331
Estonia,EST,2003,323
Estonia,EST,2004,351
Estonia,EST,2005,386
Estonia,EST,2006,452
Estonia,EST,2007,460
Estonia,EST,2008,551
Estonia,EST,2009,402
Estonia,EST,2010,514
Estonia,EST,2011,459
Estonia,EST,2012,553
Estonia,EST,2013,568
Estonia,EST,2014,596
Estonia,EST,2015,595
Estonia,EST,2016,714
Estonia,EST,2017,700
Estonia,EST,2018,636
Estonia,EST,2019,745
Estonia,EST,2020,767
Estonia,EST,2021,886
Estonia,EST,2022,777
Estonia,EST,2023,709
Eswatini,SWZ,1990,742
Eswatini,SWZ,1991,742
Eswatini,SWZ,1992,742
Eswatini,SWZ,1993,742
Eswatini,SWZ,1994,742
Eswatini,SWZ,1995,742
Eswatini,SWZ,1996,742
Eswatini,SWZ,1997,693
Eswatini,SWZ,1998,681
Eswatini,SWZ,1999,567
Eswatini,SWZ,2000,552
Eswatini,SWZ,2001,453
Eswatini,SWZ,2002,758
Eswatini,SWZ,2003,963
Eswatini,SWZ,2004,1262
Eswatini,SWZ,2005,1092
Eswatini,SWZ,2006,848
Eswatini,SWZ,2007,439
Eswatini,SWZ,2008,199
Eswatini,SWZ,2009,185
Eswatini,SWZ,2010,487
Eswatini,SWZ,2011,590
Eswatini,SWZ,2012,586
Eswatini,SWZ,2013,462
Eswatini,SWZ,2014,523
Eswatini,SWZ,2015,582
Eswatini,SWZ,2016,680
Eswatini,SWZ,2017,863
Eswatini,SWZ,2018,1040
Eswatini,SWZ,2019,1148
Eswatini,SWZ,2020,1239
Eswatini,SWZ,2021,1282
Eswatini,SWZ,2022,1273
Eswatini,SWZ,2023,1211
Ethiopia,ETH,1993,242
Ethiopia,ETH,1994,242
Ethiopia,ETH,1995,242
Ethiopia,ETH,1996,383
Ethiopia,ETH,1997,383
Ethiopia,ETH,1998,383
Ethiopia,ETH,1999,493
Ethiopia,ETH,2000,602
Ethiopia,ETH,2001,630
Ethiopia,ETH,2002,823
Ethiopia,ETH,2003,1015
Ethiopia,ETH,2004,1208
Ethiopia,ETH,2005,1401
Ethiopia,ETH,2006,2603
Ethiopia,ETH,2007,2594
Ethiopia,ETH,2008,2271
Ethiopia,ETH,2009,3699
Ethiopia,ETH,2010,4128
Ethiopia,ETH,2011,4128
Ethiopia,ETH,2012,4128
Ethiopia,ETH,2013,4128
Ethiopia,ETH,2014,4128
Ethiopia,ETH,2015,4128
Ethiopia,ETH,2016,4128
Ethiopia,ETH,2017,4128
Ethiopia,ETH,2018,4128
Ethiopia,ETH,2019,4128
Ethiopia,ETH,2020,4128
Ethiopia,ETH,2021,4128
Ethiopia,ETH,2022,4128
Ethiopia,ETH,2023,4128
Ethiopia (former),OWID_ERE,1990,1275
Ethiopia (former),OWID_ERE,1991,1037
Ethiopia (former),OWID_ERE,1992,366
Europe (FAO),,1990,502623
Europe (FAO),,1991,489937
Europe (FAO),,1992,468124
Europe (FAO),,1993,481403
Europe (FAO),,1994,463475
Europe (FAO),,1995,455945
Europe (FAO),,1996,458830
Europe (FAO),,1997,473425
Europe (FAO),,1998,476165
Europe (FAO),,1999,465042
Europe (FAO),,2000,446630
Europe (FAO),,2001,438299
Europe (FAO),,2002,449523
Europe (FAO),,2003,427201
Europe (FAO),,2004,442057
Europe (FAO),,2005,459330
Europe (FAO),,2006,437532
Europe (FAO),,2007,463218
Europe (FAO),,2008,487259
Europe (FAO),,2009,425845
Europe (FAO),,2010,451215
Europe (FAO),,2011,524943
Europe (FAO),,2012,518994
Europe (FAO),,2013,513621
Europe (FAO),,2014,531720
Europe (FAO),,2015,515162
Europe (FAO),,2016,523916
Europe (FAO),,2017,507809
Europe (FAO),,2018,508249
Europe (FAO),,2019,469375
Europe (FAO),,2020,500871
Europe (FAO),,2021,512445
Europe (FAO),,2022,473525
Europe (FAO),,2023,444318
European Union (27),OWID_EU27,1990,373053
European Union (27),OWID_EU27,1991,355012
European Union (27),OWID_EU27,1992,323645
European Union (27),OWID_EU27,1993,351100
European Union (27),OWID_EU27,1994,337065
European Union (27),OWID_EU27,1995,334277
European Union (27),OWID_EU27,1996,340941
European Union (27),OWID_EU27,1997,360472
European Union (27),OWID_EU27,1998,366331
European Union (27),OWID_EU27,1999,358439
European Union (27),OWID_EU27,2000,346097
European Union (27),OWID_EU27,2001,341307
European Union (27),OWID_EU27,2002,358583
European Union (27),OWID_EU27,2003,339726
European Union (27),OWID_EU27,2004,349020
European Union (27),OWID_EU27,2005,356589
European Union (27),OWID_EU27,2006,334812
European Union (27),OWID_EU27,2007,351035
European Union (27),OWID_EU27,2008,356596
European Union (27),OWID_EU27,2009,313098
European Union (27),OWID_EU27,2010,315315
European Union (27),OWID_EU27,2011,363188
European Union (27),OWID_EU27,2012,348866
European Union (27),OWID_EU27,2013,349485
European Union (27),OWID_EU27,2014,368593
European Union (27),OWID_EU27,2015,365768
European Union (27),OWID_EU27,2016,371593
European Union (27),OWID_EU27,2017,360517
European Union (27),OWID_EU27,2018,378889
European Union (27),OWID_EU27,2019,333822
European Union (27),OWID_EU27,2020,355462
European Union (27),OWID_EU27,2021,356872
European Union (27),OWID_EU27,2022,321417
European Union (27),OWID_EU27,2023,292298
Falkland Islands,FLK,1990,3
Falkland Islands,FLK,1991,3
Falkland Islands,FLK,1992,3
Falkland Islands,FLK,1993,3
Falkland Islands,FLK,1994,2
Falkland Islands,FLK,1995,2
Falkland Islands,FLK,1996,2
Falkland Islands,FLK,1997,2
Falkland Islands,FLK,1998,2
Falkland Islands,FLK,1999,2
Falkland Islands,FLK,2000,2
Falkland Islands,FLK,2001,1
Falkland Islands,FLK,2002,1
Falkland Islands,FLK,2003,1
Falkland Islands,FLK,2004,1
Falkland Islands,FLK,2005,1
Falkland Islands,FLK,2006,1
Falkland Islands,FLK,2007,1
Falkland Islands,FLK,2008,0
Falkland Islands,FLK,2009,0
Falkland Islands,FLK,2010,0
Falkland Islands,FLK,2011,0
Falkland Islands,FLK,2012,0
Falkland Islands,FLK,2013,0
Falkland Islands,FLK,2014,0
Falkland Islands,FLK,2015,0
Falkland Islands,FLK,2016,0
Falkland Islands,FLK,2017,0
Falkland Islands,FLK,2018,0
Falkland Islands,FLK,2019,0
Falkland Islands,FLK,2020,0
Falkland Islands,FLK,2021,0
Falkland Islands,FLK,2022,0
Falkland Islands,FLK,2023,0
Faroe Islands,FRO,1990,19
Faroe Islands,FRO,1991,23
Faroe Islands,FRO,1992,23
Faroe Islands,FRO,1993,22
Faroe Islands,FRO,1994,22
Faroe Islands,FRO,1995,22
Faroe Islands,FRO,1996,22
Faroe Islands,FRO,1997,23
Faroe Islands,FRO,1998,22
Faroe Islands,FRO,1999,21
Faroe Islands,FRO,2000,20
Faroe Islands,FRO,2001,20
Faroe Islands,FRO,2002,19
Faroe Islands,FRO,2003,19
Faroe Islands,FRO,2004,19
Faroe Islands,FRO,2005,18
Faroe Islands,FRO,2006,18
Faroe Islands,FRO,2007,18
Faroe Islands,FRO,2008,18
Faroe Islands,FRO,2009,18
Faroe Islands,FRO,2010,18
Faroe Islands,FRO,2011,19
Faroe Islands,FRO,2012,19
Faroe Islands,FRO,2013,19
Faroe Islands,FRO,2014,19
Faroe Islands,FRO,2015,19
Faroe Islands,FRO,2016,21
Faroe Islands,FRO,2017,22
Faroe Islands,FRO,2018,21
Faroe Islands,FRO,2019,22
Faroe Islands,FRO,2020,23
Faroe Islands,FRO,2021,23
Faroe Islands,FRO,2022,23
Faroe Islands,FRO,2023,23
Fiji,FJI,1990,126
Fiji,FJI,1991,676
Fiji,FJI,1992,116
Fiji,FJI,1993,138
Fiji,FJI,1994,159
Fiji,FJI,1995,181
Fiji,FJI,1996,203
Fiji,FJI,1997,225
Fiji,FJI,1998,246
Fiji,FJI,1999,268
Fiji,FJI,2000,290
Fiji,FJI,2001,312
Fiji,FJI,2002,333
Fiji,FJI,2003,355
Fiji,FJI,2004,377
Fiji,FJI,2005,399
Fiji,FJI,2006,420
Fiji,FJI,2007,442
Fiji,FJI,2008,464
Fiji,FJI,2009,558
Fiji,FJI,2010,602
Fiji,FJI,2011,580
Fiji,FJI,2012,647
Fiji,FJI,2013,579
Fiji,FJI,2014,762
Fiji,FJI,2015,687
Fiji,FJI,2016,612
Fiji,FJI,2017,612
Fiji,FJI,2018,612
Fiji,FJI,2019,612
Fiji,FJI,2020,612
Fiji,FJI,2021,612
Fiji,FJI,2022,612
Fiji,FJI,2023,612
Finland,FIN,1990,4255
Finland,FIN,1991,3757
Finland,FIN,1992,4054
Finland,FIN,1993,4103
Finland,FIN,1994,3971
Finland,FIN,1995,2368
Finland,FIN,1996,2485
Finland,FIN,1997,3128
Finland,FIN,1998,4054
Finland,FIN,1999,4181
Finland,FIN,2000,3608
Finland,FIN,2001,4077
Finland,FIN,2002,4731
Finland,FIN,2003,4736
Finland,FIN,2004,4766
Finland,FIN,2005,4956
Finland,FIN,2006,5254
Finland,FIN,2007,4065
Finland,FIN,2008,3806
Finland,FIN,2009,4805
Finland,FIN,2010,3807
Finland,FIN,2011,3019
Finland,FIN,2012,3146
Finland,FIN,2013,3275
Finland,FIN,2014,3506
Finland,FIN,2015,4010
Finland,FIN,2016,4592
Finland,FIN,2017,4366
Finland,FIN,2018,4902
Finland,FIN,2019,4034
Finland,FIN,2020,4917
Finland,FIN,2021,4100
Finland,FIN,2022,3327
Finland,FIN,2023,3251
France,FRA,1990,97701
France,FRA,1991,103434
France,FRA,1992,85249
France,FRA,1993,91953
France,FRA,1994,89515
France,FRA,1995,84011
France,FRA,1996,97890
France,FRA,1997,109792
France,FRA,1998,107753
France,FRA,1999,114695
France,FRA,2000,97878
France,FRA,2001,99694
France,FRA,2002,82448
France,FRA,2003,74531
France,FRA,2004,76099
France,FRA,2005,78265
France,FRA,2006,71612
France,FRA,2007,77255
France,FRA,2008,78577
France,FRA,2009,63676
France,FRA,2010,61903
France,FRA,2011,61262
France,FRA,2012,63910
France,FRA,2013,66757
France,FRA,2014,74874
France,FRA,2015,66629
France,FRA,2016,72076
France,FRA,2017,70459
France,FRA,2018,83983
France,FRA,2019,54304
France,FRA,2020,64789
France,FRA,2021,70100
France,FRA,2022,67872
France,FRA,2023,65415
French Polynesia,PYF,1990,210
French Polynesia,PYF,1991,219
French Polynesia,PYF,1992,239
French Polynesia,PYF,1993,256
French Polynesia,PYF,1994,269
French Polynesia,PYF,1995,273
French Polynesia,PYF,1996,287
French Polynesia,PYF,1997,301
French Polynesia,PYF,1998,313
French Polynesia,PYF,1999,312
French Polynesia,PYF,2000,324
French Polynesia,PYF,2001,332
French Polynesia,PYF,2002,355
French Polynesia,PYF,2003,344
French Polynesia,PYF,2004,336
French Polynesia,PYF,2005,324
French Polynesia,PYF,2006,332
French Polynesia,PYF,2007,331
French Polynesia,PYF,2008,326
French Polynesia,PYF,2009,310
French Polynesia,PYF,2010,306
French Polynesia,PYF,2011,311
French Polynesia,PYF,2012,322
French Polynesia,PYF,2013,348
French Polynesia,PYF,2014,384
French Polynesia,PYF,2015,401
French Polynesia,PYF,2016,393
French Polynesia,PYF,2017,373
French Polynesia,PYF,2018,367
French Polynesia,PYF,2019,471
French Polynesia,PYF,2020,673
French Polynesia,PYF,2021,668
French Polynesia,PYF,2022,519
French Polynesia,PYF,2023,287
Gabon,GAB,1990,196
Gabon,GAB,1991,207
Gabon,GAB,1992,235
Gabon,GAB,1993,283
Gabon,GAB,1994,329
Gabon,GAB,1995,368
Gabon,GAB,1996,399
Gabon,GAB,1997,416
Gabon,GAB,1998,391
Gabon,GAB,1999,369
Gabon,GAB,2000,349
Gabon,GAB,2001,330
Gabon,GAB,2002,264
Gabon,GAB,2003,248
Gabon,GAB,2004,362
Gabon,GAB,2005,507
Gabon,GAB,2006,592
Gabon,GAB,2007,560
Gabon,GAB,2008,522
Gabon,GAB,2009,715
Gabon,GAB,2010,818
Gabon,GAB,2011,899
Gabon,GAB,2012,804
Gabon,GAB,2013,936
Gabon,GAB,2014,944
Gabon,GAB,2015,1098
Gabon,GAB,2016,1106
Gabon,GAB,2017,1328
Gabon,GAB,2018,1203
Gabon,GAB,2019,1144
Gabon,GAB,2020,1059
Gabon,GAB,2021,1130
Gabon,GAB,2022,1027
Gabon,GAB,2023,958
Gambia,GMB,1990,112
Gambia,GMB,1991,112
Gambia,GMB,1992,112
Gambia,GMB,1993,112
Gambia,GMB,1994,160
Gambia,GMB,1995,190
Gambia,GMB,1996,230
Gambia,GMB,1997,234
Gambia,GMB,1998,230
Gambia,GMB,1999,239
Gambia,GMB,2000,223
Gambia,GMB,2001,238
Gambia,GMB,2002,262
Gambia,GMB,2003,388
Gambia,GMB,2004,598
Gambia,GMB,2005,866
Gambia,GMB,2006,797
Gambia,GMB,2007,672
Gambia,GMB,2008,390
Gambia,GMB,2009,288
Gambia,GMB,2010,260
Gambia,GMB,2011,262
Gambia,GMB,2012,374
Gambia,GMB,2013,355
Gambia,GMB,2014,367
Gambia,GMB,2015,344
Gambia,GMB,2016,408
Gambia,GMB,2017,442
Gambia,GMB,2018,542
Gambia,GMB,2019,501
Gambia,GMB,2020,418
Gambia,GMB,2021,389
Gambia,GMB,2022,432
Gambia,GMB,2023,556
Georgia,GEO,1992,3081
Georgia,GEO,1993,3081
Georgia,GEO,1994,3081
Georgia,GEO,1995,3081
Georgia,GEO,1996,3081
Georgia,GEO,1997,3081
Georgia,GEO,1998,3081
Georgia,GEO,1999,3081
Georgia,GEO,2000,3081
Georgia,GEO,2001,3081
Georgia,GEO,2002,3081
Georgia,GEO,2003,3081
Georgia,GEO,2004,3081
Georgia,GEO,2005,3081
Georgia,GEO,2006,3081
Georgia,GEO,2007,3081
Georgia,GEO,2008,3081
Georgia,GEO,2009,3081
Georgia,GEO,2010,3081
Georgia,GEO,2011,3081
Georgia,GEO,2012,3081
Georgia,GEO,2013,3081
Georgia,GEO,2014,3081
Georgia,GEO,2015,1351
Georgia,GEO,2016,1481
Georgia,GEO,2017,1738
Georgia,GEO,2018,2237
Georgia,GEO,2019,2564
Georgia,GEO,2020,2863
Georgia,GEO,2021,2501
Georgia,GEO,2022,2727
Georgia,GEO,2023,2938
Germany,DEU,1990,31289
Germany,DEU,1991,32006
Germany,DEU,1992,29542
Germany,DEU,1993,25170
Germany,DEU,1994,26330
Germany,DEU,1995,30090
Germany,DEU,1996,31683
Germany,DEU,1997,30414
Germany,DEU,1998,33377
Germany,DEU,1999,30019
Germany,DEU,2000,35273
Germany,DEU,2001,33423
Germany,DEU,2002,34432
Germany,DEU,2003,35539
Germany,DEU,2004,34930
Germany,DEU,2005,36386
Germany,DEU,2006,38540
Germany,DEU,2007,40741
Germany,DEU,2008,43413
Germany,DEU,2009,39289
Germany,DEU,2010,40832
Germany,DEU,2011,43856
Germany,DEU,2012,45522
Germany,DEU,2013,43525
Germany,DEU,2014,46078
Germany,DEU,2015,47851
Germany,DEU,2016,46889
Germany,DEU,2017,48307
Germany,DEU,2018,44961
Germany,DEU,2019,45181
Germany,DEU,2020,47974
Germany,DEU,2021,48712
Germany,DEU,2022,48169
Germany,DEU,2023,40494
Ghana,GHA,1990,66
Ghana,GHA,1991,66
Ghana,GHA,1992,66
Ghana,GHA,1993,66
Ghana,GHA,1994,66
Ghana,GHA,1995,66
Ghana,GHA,1996,1576
Ghana,GHA,1997,502
Ghana,GHA,1998,298
Ghana,GHA,1999,114
Ghana,GHA,2000,82
Ghana,GHA,2001,82
Ghana,GHA,2002,93
Ghana,GHA,2003,110
Ghana,GHA,2004,128
Ghana,GHA,2005,174
Ghana,GHA,2006,778
Ghana,GHA,2007,130
Ghana,GHA,2008,359
Ghana,GHA,2009,386
Ghana,GHA,2010,1389
Ghana,GHA,2011,2392
Ghana,GHA,2012,3395
Ghana,GHA,2013,4398
Ghana,GHA,2014,5401
Ghana,GHA,2015,8884
Ghana,GHA,2016,9287
Ghana,GHA,2017,9689
Ghana,GHA,2018,9689
Ghana,GHA,2019,9689
Ghana,GHA,2020,9689
Ghana,GHA,2021,9689
Ghana,GHA,2022,9689
Ghana,GHA,2023,9689
Greece,GRC,1990,7420
Greece,GRC,1991,7420
Greece,GRC,1992,7869
Greece,GRC,1993,8826
Greece,GRC,1994,6341
Greece,GRC,1995,6663
Greece,GRC,1996,7296
Greece,GRC,1997,9223
Greece,GRC,1998,10702
Greece,GRC,1999,9635
Greece,GRC,2000,10627
Greece,GRC,2001,10725
Greece,GRC,2002,12754
Greece,GRC,2003,12356
Greece,GRC,2004,13145
Greece,GRC,2005,13959
Greece,GRC,2006,7505
Greece,GRC,2007,7346
Greece,GRC,2008,5131
Greece,GRC,2009,3404
Greece,GRC,2010,5608
Greece,GRC,2011,5980
Greece,GRC,2012,6081
Greece,GRC,2013,10564
Greece,GRC,2014,3908
Greece,GRC,2015,4180
Greece,GRC,2016,4707
Greece,GRC,2017,4523
Greece,GRC,2018,4860
Greece,GRC,2019,4867
Greece,GRC,2020,4901
Greece,GRC,2021,4712
Greece,GRC,2022,3988
Greece,GRC,2023,4217
Greenland,GRL,1990,3
Greenland,GRL,1991,3
Greenland,GRL,1992,4
Greenland,GRL,1993,4
Greenland,GRL,1994,4
Greenland,GRL,1995,5
Greenland,GRL,1996,5
Greenland,GRL,1997,5
Greenland,GRL,1998,6
Greenland,GRL,1999,5
Greenland,GRL,2000,3
Greenland,GRL,2001,4
Greenland,GRL,2002,7
Greenland,GRL,2003,13
Greenland,GRL,2004,16
Greenland,GRL,2005,17
Greenland,GRL,2006,14
Greenland,GRL,2007,11
Greenland,GRL,2008,9
Greenland,GRL,2009,7
Greenland,GRL,2010,8
Greenland,GRL,2011,10
Greenland,GRL,2012,12
Greenland,GRL,2013,9
Greenland,GRL,2014,8
Greenland,GRL,2015,5
Greenland,GRL,2016,7
Greenland,GRL,2017,7
Greenland,GRL,2018,10
Greenland,GRL,2019,9
Greenland,GRL,2020,9
Greenland,GRL,2021,9
Greenland,GRL,2022,9
Greenland,GRL,2023,9
Grenada,GRD,1990,144
Grenada,GRD,1991,139
Grenada,GRD,1992,128
Grenada,GRD,1993,120
Grenada,GRD,1994,132
Grenada,GRD,1995,139
Grenada,GRD,1996,132
Grenada,GRD,1997,109
Grenada,GRD,1998,92
Grenada,GRD,1999,96
Grenada,GRD,2000,98
Grenada,GRD,2001,94
Grenada,GRD,2002,87
Grenada,GRD,2003,82
Grenada,GRD,2004,100
Grenada,GRD,2005,114
Grenada,GRD,2006,121
Grenada,GRD,2007,216
Grenada,GRD,2008,218
Grenada,GRD,2009,212
Grenada,GRD,2010,103
Grenada,GRD,2011,81
Grenada,GRD,2012,71
Grenada,GRD,2013,83
Grenada,GRD,2014,96
Grenada,GRD,2015,117
Grenada,GRD,2016,115
Grenada,GRD,2017,119
Grenada,GRD,2018,115
Grenada,GRD,2019,116
Grenada,GRD,2020,110
Grenada,GRD,2021,117
Grenada,GRD,2022,123
Grenada,GRD,2023,129
Guam,GUM,1990,19
Guam,GUM,1991,19
Guam,GUM,1992,19
Guam,GUM,1993,19
Guam,GUM,1994,19
Guam,GUM,1995,19
Guam,GUM,1996,19
Guam,GUM,1997,19
Guam,GUM,1998,19
Guam,GUM,1999,19
Guam,GUM,2000,19
Guam,GUM,2001,19
Guam,GUM,2002,18
Guam,GUM,2003,15
Guam,GUM,2004,11
Guam,GUM,2005,9
Guam,GUM,2006,7
Guam,GUM,2007,8
Guam,GUM,2008,9
Guam,GUM,2009,10
Guam,GUM,2010,10
Guam,GUM,2011,9
Guam,GUM,2012,8
Guam,GUM,2013,6
Guam,GUM,2014,5
Guam,GUM,2015,3
Guam,GUM,2016,15
Guam,GUM,2017,41
Guam,GUM,2018,80
Guam,GUM,2019,98
Guam,GUM,2020,96
Guam,GUM,2021,59
Guam,GUM,2022,30
Guam,GUM,2023,9
Guatemala,GTM,1990,12004
Guatemala,GTM,1991,12004
Guatemala,GTM,1992,12004
Guatemala,GTM,1993,12004
Guatemala,GTM,1994,12004
Guatemala,GTM,1995,12004
Guatemala,GTM,1996,12004
Guatemala,GTM,1997,11824
Guatemala,GTM,1998,11643
Guatemala,GTM,1999,11462
Guatemala,GTM,2000,11282
Guatemala,GTM,2001,11101
Guatemala,GTM,2002,10921
Guatemala,GTM,2003,10740
Guatemala,GTM,2004,11960
Guatemala,GTM,2005,13506
Guatemala,GTM,2006,15951
Guatemala,GTM,2007,22883
Guatemala,GTM,2008,18092
Guatemala,GTM,2009,13277
Guatemala,GTM,2010,14898
Guatemala,GTM,2011,15728
Guatemala,GTM,2012,18862
Guatemala,GTM,2013,19829
Guatemala,GTM,2014,11439
Guatemala,GTM,2015,10040
Guatemala,GTM,2016,11444
Guatemala,GTM,2017,11302
Guatemala,GTM,2018,11842
Guatemala,GTM,2019,11002
Guatemala,GTM,2020,14242
Guatemala,GTM,2021,13228
Guatemala,GTM,2022,14175
Guatemala,GTM,2023,12982
Guinea,GIN,1990,80
Guinea,GIN,1991,80
Guinea,GIN,1992,80
Guinea,GIN,1993,21
Guinea,GIN,1994,39
Guinea,GIN,1995,153
Guinea,GIN,1996,157
Guinea,GIN,1997,180
Guinea,GIN,1998,202
Guinea,GIN,1999,225
Guinea,GIN,2000,247
Guinea,GIN,2001,270
Guinea,GIN,2002,292
Guinea,GIN,2003,315
Guinea,GIN,2004,337
Guinea,GIN,2005,359
Guinea,GIN,2006,382
Guinea,GIN,2007,404
Guinea,GIN,2008,427
Guinea,GIN,2009,449
Guinea,GIN,2010,556
Guinea,GIN,2011,663
Guinea,GIN,2012,770
Guinea,GIN,2013,877
Guinea,GIN,2014,688
Guinea,GIN,2015,426
Guinea,GIN,2016,164
Guinea,GIN,2017,206
Guinea,GIN,2018,109
Guinea,GIN,2019,111
Guinea,GIN,2020,111
Guinea,GIN,2021,111
Guinea,GIN,2022,111
Guinea,GIN,2023,111
Guinea-Bissau,GNB,1990,32
Guinea-Bissau,GNB,1991,38
Guinea-Bissau,GNB,1992,4
Guinea-Bissau,GNB,1993,25
Guinea-Bissau,GNB,1994,21
Guinea-Bissau,GNB,1995,17
Guinea-Bissau,GNB,1996,13
Guinea-Bissau,GNB,1997,9
Guinea-Bissau,GNB,1998,5
Guinea-Bissau,GNB,1999,1
Guinea-Bissau,GNB,2000,42
Guinea-Bissau,GNB,2001,82
Guinea-Bissau,GNB,2002,82
Guinea-Bissau,GNB,2003,82
Guinea-Bissau,GNB,2004,82
Guinea-Bissau,GNB,2005,82
Guinea-Bissau,GNB,2006,82
Guinea-Bissau,GNB,2007,82
Guinea-Bissau,GNB,2008,82
Guinea-Bissau,GNB,2009,82
Guinea-Bissau,GNB,2010,82
Guinea-Bissau,GNB,2011,82
Guinea-Bissau,GNB,2012,82
Guinea-Bissau,GNB,2013,82
Guinea-Bissau,GNB,2014,82
Guinea-Bissau,GNB,2015,82
Guinea-Bissau,GNB,2016,82
Guinea-Bissau,GNB,2017,82
Guinea-Bissau,GNB,2018,82
Guinea-Bissau,GNB,2019,82
Guinea-Bissau,GNB,2020,82
Guinea-Bissau,GNB,2021,82
Guinea-Bissau,GNB,2022,82
Guinea-Bissau,GNB,2023,82
Guyana,GUY,1990,194
Guyana,GUY,1991,190
Guyana,GUY,1992,192
Guyana,GUY,1993,182
Guyana,GUY,1994,199
Guyana,GUY,1995,191
Guyana,GUY,1996,193
Guyana,GUY,1997,190
Guyana,GUY,1998,192
Guyana,GUY,1999,181
Guyana,GUY,2000,182
Guyana,GUY,2001,181
Guyana,GUY,2002,179
Guyana,GUY,2003,187
Guyana,GUY,2004,189
Guyana,GUY,2005,207
Guyana,GUY,2006,213
Guyana,GUY,2007,240
Guyana,GUY,2008,252
Guyana,GUY,2009,229
Guyana,GUY,2010,288
Guyana,GUY,2011,287
Guyana,GUY,2012,300
Guyana,GUY,2013,314
Guyana,GUY,2014,324
Guyana,GUY,2015,315
Guyana,GUY,2016,328
Guyana,GUY,2017,332
Guyana,GUY,2018,326
Guyana,GUY,2019,368
Guyana,GUY,2020,393
Guyana,GUY,2021,419
Guyana,GUY,2022,454
Guyana,GUY,2023,458
Haiti,HTI,1990,181
Haiti,HTI,1991,158
Haiti,HTI,1992,100
Haiti,HTI,1993,95
Haiti,HTI,1994,136
Haiti,HTI,1995,179
Haiti,HTI,1996,251
Haiti,HTI,1997,268
Haiti,HTI,1998,396
Haiti,HTI,1999,359
Haiti,HTI,2000,372
Haiti,HTI,2001,310
Haiti,HTI,2002,392
Haiti,HTI,2003,457
Haiti,HTI,2004,455
Haiti,HTI,2005,434
Haiti,HTI,2006,476
Haiti,HTI,2007,517
Haiti,HTI,2008,748
Haiti,HTI,2009,733
Haiti,HTI,2010,1038
Haiti,HTI,2011,882
Haiti,HTI,2012,866
Haiti,HTI,2013,507
Haiti,HTI,2014,393
Haiti,HTI,2015,387
Haiti,HTI,2016,465
Haiti,HTI,2017,628
Haiti,HTI,2018,653
Haiti,HTI,2019,703
Haiti,HTI,2020,775
Haiti,HTI,2021,865
Haiti,HTI,2022,1066
Haiti,HTI,2023,1126
Honduras,HND,1990,4577
Honduras,HND,1991,3368
Honduras,HND,1992,5965
Honduras,HND,1993,6768
Honduras,HND,1994,5455
Honduras,HND,1995,7800
Honduras,HND,1996,6464
Honduras,HND,1997,6980
Honduras,HND,1998,3495
Honduras,HND,1999,2387
Honduras,HND,2000,4376
Honduras,HND,2001,1141
Honduras,HND,2002,1772
Honduras,HND,2003,2404
Honduras,HND,2004,3035
Honduras,HND,2005,3666
Honduras,HND,2006,4298
Honduras,HND,2007,5284
Honduras,HND,2008,5130
Honduras,HND,2009,4344
Honduras,HND,2010,5737
Honduras,HND,2011,6191
Honduras,HND,2012,7195
Honduras,HND,2013,7282
Honduras,HND,2014,7604
Honduras,HND,2015,8114
Honduras,HND,2016,7529
Honduras,HND,2017,8153
Honduras,HND,2018,8783
Honduras,HND,2019,8214
Honduras,HND,2020,11722
Honduras,HND,2021,10533
Honduras,HND,2022,10109
Honduras,HND,2023,9684
Hong Kong,HKG,1990,115
Hong Kong,HKG,1991,95
Hong Kong,HKG,1992,84
Hong Kong,HKG,1993,74
Hong Kong,HKG,1994,71
Hong Kong,HKG,1995,45
Hong Kong,HKG,1996,45
Hong Kong,HKG,1997,46
Hong Kong,HKG,1998,46
Hong Kong,HKG,1999,47
Hong Kong,HKG,2000,47
Hong Kong,HKG,2001,53
Hong Kong,HKG,2002,84
Hong Kong,HKG,2003,90
Hong Kong,HKG,2004,51
Hong Kong,HKG,2005,45
Hong Kong,HKG,2006,48
Hong Kong,HKG,2007,45
Hong Kong,HKG,2008,55
Hong Kong,HKG,2009,46
Hong Kong,HKG,2010,41
Hong Kong,HKG,2011,63
Hong Kong,HKG,2012,56
Hong Kong,HKG,2013,57
Hong Kong,HKG,2014,58
Hong Kong,HKG,2015,51
Hong Kong,HKG,2016,65
Hong Kong,HKG,2017,58
Hong Kong,HKG,2018,68
Hong Kong,HKG,2019,55
Hong Kong,HKG,2020,55
Hong Kong,HKG,2021,45
Hong Kong,HKG,2022,50
Hong Kong,HKG,2023,55
Hungary,HUN,1990,12756
Hungary,HUN,1991,8069
Hungary,HUN,1992,5777
Hungary,HUN,1993,10197
Hungary,HUN,1994,9574
Hungary,HUN,1995,7715
Hungary,HUN,1996,6946
Hungary,HUN,1997,4445
Hungary,HUN,1998,5280
Hungary,HUN,1999,4598
Hungary,HUN,2000,4151
Hungary,HUN,2001,5458
Hungary,HUN,2002,8232
Hungary,HUN,2003,8726
Hungary,HUN,2004,9941
Hungary,HUN,2005,9676
Hungary,HUN,2006,11523
Hungary,HUN,2007,11178
Hungary,HUN,2008,12084
Hungary,HUN,2009,11144
Hungary,HUN,2010,10300
Hungary,HUN,2011,8506
Hungary,HUN,2012,8058
Hungary,HUN,2013,7767
Hungary,HUN,2014,8999
Hungary,HUN,2015,9489
Hungary,HUN,2016,9764
Hungary,HUN,2017,9754
Hungary,HUN,2018,8535
Hungary,HUN,2019,7815
Hungary,HUN,2020,8679
Hungary,HUN,2021,8879
Hungary,HUN,2022,8578
Hungary,HUN,2023,6443
Iceland,ISL,1990,3
Iceland,ISL,1991,3
Iceland,ISL,1992,3
Iceland,ISL,1993,3
Iceland,ISL,1994,3
Iceland,ISL,1995,3
Iceland,ISL,1996,3
Iceland,ISL,1997,3
Iceland,ISL,1998,3
Iceland,ISL,1999,3
Iceland,ISL,2000,4
Iceland,ISL,2001,5
Iceland,ISL,2002,4
Iceland,ISL,2003,4
Iceland,ISL,2004,6
Iceland,ISL,2005,5
Iceland,ISL,2006,5
Iceland,ISL,2007,5
Iceland,ISL,2008,6
Iceland,ISL,2009,4
Iceland,ISL,2010,3
Iceland,ISL,2011,3
Iceland,ISL,2012,3
Iceland,ISL,2013,2
Iceland,ISL,2014,4
Iceland,ISL,2015,4
Iceland,ISL,2016,3
Iceland,ISL,2017,2
Iceland,ISL,2018,2
Iceland,ISL,2019,1
Iceland,ISL,2020,1
Iceland,ISL,2021,1
Iceland,ISL,2022,2
Iceland,ISL,2023,2
India,IND,1990,75000
India,IND,1991,72133
India,IND,1992,70791
India,IND,1993,66074
India,IND,1994,61357
India,IND,1995,61257
India,IND,1996,56114
India,IND,1997,52279
India,IND,1998,49157
India,IND,1999,46195
India,IND,2000,44958
India,IND,2001,43720
India,IND,2002,42483
India,IND,2003,41245
India,IND,2004,35113
India,IND,2005,35342
India,IND,2006,37423
India,IND,2007,27423
India,IND,2008,14485
India,IND,2009,28707
India,IND,2010,40094
India,IND,2011,40094
India,IND,2012,40094
India,IND,2013,40094
India,IND,2014,40094
India,IND,2015,40094
India,IND,2016,40094
India,IND,2017,40094
India,IND,2018,40094
India,IND,2019,40094
India,IND,2020,40094
India,IND,2021,40094
India,IND,2022,40094
India,IND,2023,40094
Indonesia,IDN,1990,113121
Indonesia,IDN,1991,115479
Indonesia,IDN,1992,124362
Indonesia,IDN,1993,126756
Indonesia,IDN,1994,127383
Indonesia,IDN,1995,137901
Indonesia,IDN,1996,141287
Indonesia,IDN,1997,135254
Indonesia,IDN,1998,136116
Indonesia,IDN,1999,137640
Indonesia,IDN,2000,142709
Indonesia,IDN,2001,146061
Indonesia,IDN,2002,154432
Indonesia,IDN,2003,164929
Indonesia,IDN,2004,173326
Indonesia,IDN,2005,178527
Indonesia,IDN,2006,185738
Indonesia,IDN,2007,221903
Indonesia,IDN,2008,258852
Indonesia,IDN,2009,260715
Indonesia,IDN,2010,313639
Indonesia,IDN,2011,206062
Indonesia,IDN,2012,254913
Indonesia,IDN,2013,314990
Indonesia,IDN,2014,253451
Indonesia,IDN,2015,313069
Indonesia,IDN,2016,349798
Indonesia,IDN,2017,279006
Indonesia,IDN,2018,261306
Indonesia,IDN,2019,274421
Indonesia,IDN,2020,213036
Indonesia,IDN,2021,283297
Indonesia,IDN,2022,294670
Indonesia,IDN,2023,294935
Iran,IRN,1990,10644
Iran,IRN,1991,16349
Iran,IRN,1992,11683
Iran,IRN,1993,9572
Iran,IRN,1994,10324
Iran,IRN,1995,8746
Iran,IRN,1996,5332
Iran,IRN,1997,6348
Iran,IRN,1998,7364
Iran,IRN,1999,8380
Iran,IRN,2000,9395
Iran,IRN,2001,9008
Iran,IRN,2002,9592
Iran,IRN,2003,10129
Iran,IRN,2004,10015
Iran,IRN,2005,7808
Iran,IRN,2006,8253
Iran,IRN,2007,5923
Iran,IRN,2008,3017
Iran,IRN,2009,4050
Iran,IRN,2010,4382
Iran,IRN,2011,4714
Iran,IRN,2012,7052
Iran,IRN,2013,6494
Iran,IRN,2014,6591
Iran,IRN,2015,6687
Iran,IRN,2016,6783
Iran,IRN,2017,6872
Iran,IRN,2018,5744
Iran,IRN,2019,4977
Iran,IRN,2020,5856
Iran,IRN,2021,5856
Iran,IRN,2022,5856
Iran,IRN,2023,5856
Iraq,IRQ,1990,692
Iraq,IRQ,1991,692
Iraq,IRQ,1992,692
Iraq,IRQ,1993,692
Iraq,IRQ,1994,692
Iraq,IRQ,1995,816
Iraq,IRQ,1996,616
Iraq,IRQ,1997,848
Iraq,IRQ,1998,755
Iraq,IRQ,1999,508
Iraq,IRQ,2000,548
Iraq,IRQ,2001,837
Iraq,IRQ,2002,879
Iraq,IRQ,2003,854
Iraq,IRQ,2004,829
Iraq,IRQ,2005,873
Iraq,IRQ,2006,824
Iraq,IRQ,2007,1063
Iraq,IRQ,2008,957
Iraq,IRQ,2009,850
Iraq,IRQ,2010,744
Iraq,IRQ,2011,638
Iraq,IRQ,2012,532
Iraq,IRQ,2013,426
Iraq,IRQ,2014,396
Iraq,IRQ,2015,197
Iraq,IRQ,2016,151
Iraq,IRQ,2017,215
Iraq,IRQ,2018,284
Iraq,IRQ,2019,361
Iraq,IRQ,2020,437
Iraq,IRQ,2021,514
Iraq,IRQ,2022,576
Iraq,IRQ,2023,576
Ireland,IRL,1990,2014
Ireland,IRL,1991,2014
Ireland,IRL,1992,2014
Ireland,IRL,1993,2014
Ireland,IRL,1994,2014
Ireland,IRL,1995,2152
Ireland,IRL,1996,1577
Ireland,IRL,1997,2201
Ireland,IRL,1998,2257
Ireland,IRL,1999,1930
Ireland,IRL,2000,1942
Ireland,IRL,2001,2334
Ireland,IRL,2002,2614
Ireland,IRL,2003,2719
Ireland,IRL,2004,2978
Ireland,IRL,2005,2625
Ireland,IRL,2006,2767
Ireland,IRL,2007,3083
Ireland,IRL,2008,2790
Ireland,IRL,2009,2268
Ireland,IRL,2010,2529
Ireland,IRL,2011,3692
Ireland,IRL,2012,2783
Ireland,IRL,2013,2913
Ireland,IRL,2014,3353
Ireland,IRL,2015,3504
Ireland,IRL,2016,3113
Ireland,IRL,2017,2942
Ireland,IRL,2018,2651
Ireland,IRL,2019,2972
Ireland,IRL,2020,2910
Ireland,IRL,2021,3091
Ireland,IRL,2022,2720
Ireland,IRL,2023,2274
Israel,ISR,1990,2491
Israel,ISR,1991,2491
Israel,ISR,1992,2491
Israel,ISR,1993,2491
Israel,ISR,1994,2491
Israel,ISR,1995,2491
Israel,ISR,1996,2491
Israel,ISR,1997,2491
Israel,ISR,1998,2491
Israel,ISR,1999,2975
Israel,ISR,2000,3459
Israel,ISR,2001,3943
Israel,ISR,2002,4427
Israel,ISR,2003,4911
Israel,ISR,2004,5395
Israel,ISR,2005,5879
Israel,ISR,2006,6363
Israel,ISR,2007,6847
Israel,ISR,2008,7331
Israel,ISR,2009,6650
Israel,ISR,2010,6753
Israel,ISR,2011,6124
Israel,ISR,2012,6009
Israel,ISR,2013,6005
Israel,ISR,2014,6335
Israel,ISR,2015,6367
Israel,ISR,2016,6093
Israel,ISR,2017,6881
Israel,ISR,2018,7322
Israel,ISR,2019,6983
Israel,ISR,2020,7334
Israel,ISR,2021,6827
Israel,ISR,2022,6370
Israel,ISR,2023,6370
Italy,ITA,1990,100596
Italy,ITA,1991,88917
Italy,ITA,1992,88228
Italy,ITA,1993,89282
Italy,ITA,1994,81218
Italy,ITA,1995,84153
Italy,ITA,1996,74617
Italy,ITA,1997,84799
Italy,ITA,1998,84117
Italy,ITA,1999,81583
Italy,ITA,2000,79447
Italy,ITA,2001,75978
Italy,ITA,2002,94211
Italy,ITA,2003,86058
Italy,ITA,2004,83810
Italy,ITA,2005,84647
Italy,ITA,2006,74349
Italy,ITA,2007,80454
Italy,ITA,2008,79643
Italy,ITA,2009,74172
Italy,ITA,2010,71613
Italy,ITA,2011,70326
Italy,ITA,2012,61650
Italy,ITA,2013,55455
Italy,ITA,2014,59235
Italy,ITA,2015,63085
Italy,ITA,2016,59964
Italy,ITA,2017,56451
Italy,ITA,2018,54039
Italy,ITA,2019,48405
Italy,ITA,2020,56373
Italy,ITA,2021,50177
Italy,ITA,2022,44424
Italy,ITA,2023,39571
Jamaica,JAM,1990,1217
Jamaica,JAM,1991,1217
Jamaica,JAM,1992,1217
Jamaica,JAM,1993,1217
Jamaica,JAM,1994,1217
Jamaica,JAM,1995,1259
Jamaica,JAM,1996,1316
Jamaica,JAM,1997,621
Jamaica,JAM,1998,1095
Jamaica,JAM,1999,1333
Jamaica,JAM,2000,1379
Jamaica,JAM,2001,1492
Jamaica,JAM,2002,1373
Jamaica,JAM,2003,1441
Jamaica,JAM,2004,1355
Jamaica,JAM,2005,1373
Jamaica,JAM,2006,1244
Jamaica,JAM,2007,1289
Jamaica,JAM,2008,1287
Jamaica,JAM,2009,1252
Jamaica,JAM,2010,1034
Jamaica,JAM,2011,1109
Jamaica,JAM,2012,1279
Jamaica,JAM,2013,1218
Jamaica,JAM,2014,1139
Jamaica,JAM,2015,1051
Jamaica,JAM,2016,1409
Jamaica,JAM,2017,1561
Jamaica,JAM,2018,1531
Jamaica,JAM,2019,1500
Jamaica,JAM,2020,1853
Jamaica,JAM,2021,1642
Jamaica,JAM,2022,1642
Jamaica,JAM,2023,1642
Japan,JPN,1990,79821
Japan,JPN,1991,79821
Japan,JPN,1992,79821
Japan,JPN,1993,79821
Japan,JPN,1994,79821
Japan,JPN,1995,79821
Japan,JPN,1996,79821
Japan,JPN,1997,79821
Japan,JPN,1998,79821
Japan,JPN,1999,79821
Japan,JPN,2000,79821
Japan,JPN,2001,78735
Japan,JPN,2002,70263
Japan,JPN,2003,67870
Japan,JPN,2004,64689
Japan,JPN,2005,63830
Japan,JPN,2006,65248
Japan,JPN,2007,61164
Japan,JPN,2008,58750
Japan,JPN,2009,60971
Japan,JPN,2010,55576
Japan,JPN,2011,51796
Japan,JPN,2012,54716
Japan,JPN,2013,52794
Japan,JPN,2014,53544
Japan,JPN,2015,54171
Japan,JPN,2016,51006
Japan,JPN,2017,52248
Japan,JPN,2018,52332
Japan,JPN,2019,51970
Japan,JPN,2020,48889
Japan,JPN,2021,48783
Japan,JPN,2022,50320
Japan,JPN,2023,45574
Jordan,JOR,1990,734
Jordan,JOR,1991,926
Jordan,JOR,1992,1365
Jordan,JOR,1993,786
Jordan,JOR,1994,774
Jordan,JOR,1995,761
Jordan,JOR,1996,910
Jordan,JOR,1997,875
Jordan,JOR,1998,845
Jordan,JOR,1999,525
Jordan,JOR,2000,553
Jordan,JOR,2001,1528
Jordan,JOR,2002,1568
Jordan,JOR,2003,1321
Jordan,JOR,2004,737
Jordan,JOR,2005,1736
Jordan,JOR,2006,1142
Jordan,JOR,2007,1351
Jordan,JOR,2008,1266
Jordan,JOR,2009,1090
Jordan,JOR,2010,933
Jordan,JOR,2011,1112
Jordan,JOR,2012,708
Jordan,JOR,2013,1010
Jordan,JOR,2014,719
Jordan,JOR,2015,666
Jordan,JOR,2016,1028
Jordan,JOR,2017,1291
Jordan,JOR,2018,675
Jordan,JOR,2019,662
Jordan,JOR,2020,462
Jordan,JOR,2021,401
Jordan,JOR,2022,525
Jordan,JOR,2023,650
Kazakhstan,KAZ,1992,17182
Kazakhstan,KAZ,1993,17182
Kazakhstan,KAZ,1994,17182
Kazakhstan,KAZ,1995,13535
Kazakhstan,KAZ,1996,13047
Kazakhstan,KAZ,1997,8112
Kazakhstan,KAZ,1998,6416
Kazakhstan,KAZ,1999,4720
Kazakhstan,KAZ,2000,3024
Kazakhstan,KAZ,2001,3007
Kazakhstan,KAZ,2002,3362
Kazakhstan,KAZ,2003,3607
Kazakhstan,KAZ,2004,3803
Kazakhstan,KAZ,2005,3667
Kazakhstan,KAZ,2006,3926
Kazakhstan,KAZ,2007,5576
Kazakhstan,KAZ,2008,7045
Kazakhstan,KAZ,2009,8716
Kazakhstan,KAZ,2010,6284
Kazakhstan,KAZ,2011,10657
Kazakhstan,KAZ,2012,8675
Kazakhstan,KAZ,2013,8738
Kazakhstan,KAZ,2014,11159
Kazakhstan,KAZ,2015,10589
Kazakhstan,KAZ,2016,10372
Kazakhstan,KAZ,2017,13811
Kazakhstan,KAZ,2018,13058
Kazakhstan,KAZ,2019,13102
Kazakhstan,KAZ,2020,14492
Kazakhstan,KAZ,2021,18324
Kazakhstan,KAZ,2022,8811
Kazakhstan,KAZ,2023,8811
Kenya,KEN,1990,444
Kenya,KEN,1991,998
Kenya,KEN,1992,1354
Kenya,KEN,1993,1432
Kenya,KEN,1994,3628
Kenya,KEN,1995,3728
Kenya,KEN,1996,3965
Kenya,KEN,1997,1801
Kenya,KEN,1998,2053
Kenya,KEN,1999,2124
Kenya,KEN,2000,1979
Kenya,KEN,2001,1841
Kenya,KEN,2002,1665
Kenya,KEN,2003,1716
Kenya,KEN,2004,1802
Kenya,KEN,2005,2085
Kenya,KEN,2006,2193
Kenya,KEN,2007,1919
Kenya,KEN,2008,2158
Kenya,KEN,2009,2182
Kenya,KEN,2010,2758
Kenya,KEN,2011,3144
Kenya,KEN,2012,3971
Kenya,KEN,2013,4476
Kenya,KEN,2014,4661
Kenya,KEN,2015,4764
Kenya,KEN,2016,4773
Kenya,KEN,2017,5293
Kenya,KEN,2018,6074
Kenya,KEN,2019,6587
Kenya,KEN,2020,6228
Kenya,KEN,2021,5141
Kenya,KEN,2022,5110
Kenya,KEN,2023,5162
Kiribati,KIR,1990,3
Kiribati,KIR,1991,3
Kiribati,KIR,1992,3
Kiribati,KIR,1993,3
Kiribati,KIR,1994,10
Kiribati,KIR,1995,10
Kiribati,KIR,1996,11
Kiribati,KIR,1997,4
Kiribati,KIR,1998,4
Kiribati,KIR,1999,4
Kiribati,KIR,2000,4
Kiribati,KIR,2001,4
Kiribati,KIR,2002,5
Kiribati,KIR,2003,5
Kiribati,KIR,2004,7
Kiribati,KIR,2005,7
Kiribati,KIR,2006,8
Kiribati,KIR,2007,8
Kiribati,KIR,2008,9
Kiribati,KIR,2009,10
Kiribati,KIR,2010,10
Kiribati,KIR,2011,10
Kiribati,KIR,2012,11
Kiribati,KIR,2013,16
Kiribati,KIR,2014,20
Kiribati,KIR,2015,24
Kiribati,KIR,2016,22
Kiribati,KIR,2017,19
Kiribati,KIR,2018,21
Kiribati,KIR,2019,25
Kiribati,KIR,2020,31
Kiribati,KIR,2021,33
Kiribati,KIR,2022,33
Kiribati,KIR,2023,33
Kuwait,KWT,1990,197
Kuwait,KWT,1991,279
Kuwait,KWT,1992,339
Kuwait,KWT,1993,500
Kuwait,KWT,1994,826
Kuwait,KWT,1995,1117
Kuwait,KWT,1996,1209
Kuwait,KWT,1997,1029
Kuwait,KWT,1998,930
Kuwait,KWT,1999,778
Kuwait,KWT,2000,690
Kuwait,KWT,2001,813
Kuwait,KWT,2002,1115
Kuwait,KWT,2003,1273
Kuwait,KWT,2004,1201
Kuwait,KWT,2005,1137
Kuwait,KWT,2006,1276
Kuwait,KWT,2007,1359
Kuwait,KWT,2008,1305
Kuwait,KWT,2009,1127
Kuwait,KWT,2010,1223
Kuwait,KWT,2011,1537
Kuwait,KWT,2012,1969
Kuwait,KWT,2013,2263
Kuwait,KWT,2014,2385
Kuwait,KWT,2015,2034
Kuwait,KWT,2016,1450
Kuwait,KWT,2017,1030
Kuwait,KWT,2018,1110
Kuwait,KWT,2019,1341
Kuwait,KWT,2020,1493
Kuwait,KWT,2021,1411
Kuwait,KWT,2022,1298
Kuwait,KWT,2023,1181
Kyrgyzstan,KGZ,1992,2418
Kyrgyzstan,KGZ,1993,2201
Kyrgyzstan,KGZ,1994,1984
Kyrgyzstan,KGZ,1995,1767
Kyrgyzstan,KGZ,1996,1549
Kyrgyzstan,KGZ,1997,1332
Kyrgyzstan,KGZ,1998,1115
Kyrgyzstan,KGZ,1999,898
Kyrgyzstan,KGZ,2000,681
Kyrgyzstan,KGZ,2001,610
Kyrgyzstan,KGZ,2002,733
Kyrgyzstan,KGZ,2003,1303
Kyrgyzstan,KGZ,2004,1321
Kyrgyzstan,KGZ,2005,1081
Kyrgyzstan,KGZ,2006,796
Kyrgyzstan,KGZ,2007,1026
Kyrgyzstan,KGZ,2008,663
Kyrgyzstan,KGZ,2009,267
Kyrgyzstan,KGZ,2010,350
Kyrgyzstan,KGZ,2011,313
Kyrgyzstan,KGZ,2012,365
Kyrgyzstan,KGZ,2013,341
Kyrgyzstan,KGZ,2014,403
Kyrgyzstan,KGZ,2015,516
Kyrgyzstan,KGZ,2016,533
Kyrgyzstan,KGZ,2017,560
Kyrgyzstan,KGZ,2018,608
Kyrgyzstan,KGZ,2019,677
Kyrgyzstan,KGZ,2020,693
Kyrgyzstan,KGZ,2021,608
Kyrgyzstan,KGZ,2022,578
Kyrgyzstan,KGZ,2023,578
Land Locked Developing Countries (FAO),,1990,15953
Land Locked Developing Countries (FAO),,1991,15984
Land Locked Developing Countries (FAO),,1992,36257
Land Locked Developing Countries (FAO),,1993,36753
Land Locked Developing Countries (FAO),,1994,39262
Land Locked Developing Countries (FAO),,1995,39097
Land Locked Developing Countries (FAO),,1996,42466
Land Locked Developing Countries (FAO),,1997,40689
Land Locked Developing Countries (FAO),,1998,36551
Land Locked Developing Countries (FAO),,1999,28355
Land Locked Developing Countries (FAO),,2000,25362
Land Locked Developing Countries (FAO),,2001,32059
Land Locked Developing Countries (FAO),,2002,34642
Land Locked Developing Countries (FAO),,2003,38108
Land Locked Developing Countries (FAO),,2004,42932
Land Locked Developing Countries (FAO),,2005,44305
Land Locked Developing Countries (FAO),,2006,47936
Land Locked Developing Countries (FAO),,2007,52190
Land Locked Developing Countries (FAO),,2008,54923
Land Locked Developing Countries (FAO),,2009,60146
Land Locked Developing Countries (FAO),,2010,63032
Land Locked Developing Countries (FAO),,2011,69619
Land Locked Developing Countries (FAO),,2012,71982
Land Locked Developing Countries (FAO),,2013,79203
Land Locked Developing Countries (FAO),,2014,76127
Land Locked Developing Countries (FAO),,2015,78424
Land Locked Developing Countries (FAO),,2016,79605
Land Locked Developing Countries (FAO),,2017,91194
Land Locked Developing Countries (FAO),,2018,87948
Land Locked Developing Countries (FAO),,2019,85400
Land Locked Developing Countries (FAO),,2020,89659
Land Locked Developing Countries (FAO),,2021,95717
Land Locked Developing Countries (FAO),,2022,92725
Land Locked Developing Countries (FAO),,2023,92590
Laos,LAO,1990,21
Laos,LAO,1991,21
Laos,LAO,1992,21
Laos,LAO,1993,46
Laos,LAO,1994,36
Laos,LAO,1995,25
Laos,LAO,1996,15
Laos,LAO,1997,4
Laos,LAO,1998,1
Laos,LAO,1999,1
Laos,LAO,2000,1
Laos,LAO,2001,2
Laos,LAO,2002,2
Laos,LAO,2003,3
Laos,LAO,2004,3
Laos,LAO,2005,4
Laos,LAO,2006,4
Laos,LAO,2007,0
Laos,LAO,2008,0
Laos,LAO,2009,26
Laos,LAO,2010,2
Laos,LAO,2011,44
Laos,LAO,2012,44
Laos,LAO,2013,126
Laos,LAO,2014,3
Laos,LAO,2015,50
Laos,LAO,2016,98
Laos,LAO,2017,145
Laos,LAO,2018,187
Laos,LAO,2019,187
Laos,LAO,2020,187
Laos,LAO,2021,187
Laos,LAO,2022,187
Laos,LAO,2023,187
Latvia,LVA,1992,1005
Latvia,LVA,1993,476
Latvia,LVA,1994,294
Latvia,LVA,1995,358
Latvia,LVA,1996,361
Latvia,LVA,1997,334
Latvia,LVA,1998,369
Latvia,LVA,1999,327
Latvia,LVA,2000,285
Latvia,LVA,2001,367
Latvia,LVA,2002,335
Latvia,LVA,2003,478
Latvia,LVA,2004,594
Latvia,LVA,2005,724
Latvia,LVA,2006,744
Latvia,LVA,2007,1113
Latvia,LVA,2008,1033
Latvia,LVA,2009,881
Latvia,LVA,2010,1028
Latvia,LVA,2011,1077
Latvia,LVA,2012,1288
Latvia,LVA,2013,1250
Latvia,LVA,2014,1423
Latvia,LVA,2015,1510
Latvia,LVA,2016,1725
Latvia,LVA,2017,1478
Latvia,LVA,2018,1587
Latvia,LVA,2019,1651
Latvia,LVA,2020,1900
Latvia,LVA,2021,1984
Latvia,LVA,2022,1823
Latvia,LVA,2023,1666
Least Developed Countries (FAO),,1990,12945
Least Developed Countries (FAO),,1991,12403
Least Developed Countries (FAO),,1992,11755
Least Developed Countries (FAO),,1993,10570
Least Developed Countries (FAO),,1994,12759
Least Developed Countries (FAO),,1995,13401
Least Developed Countries (FAO),,1996,14145
Least Developed Countries (FAO),,1997,13976
Least Developed Countries (FAO),,1998,14622
Least Developed Countries (FAO),,1999,15619
Least Developed Countries (FAO),,2000,16212
Least Developed Countries (FAO),,2001,15658
Least Developed Countries (FAO),,2002,17937
Least Developed Countries (FAO),,2003,20548
Least Developed Countries (FAO),,2004,24176
Least Developed Countries (FAO),,2005,26644
Least Developed Countries (FAO),,2006,32447
Least Developed Countries (FAO),,2007,34838
Least Developed Countries (FAO),,2008,35506
Least Developed Countries (FAO),,2009,39104
Least Developed Countries (FAO),,2010,42925
Least Developed Countries (FAO),,2011,46338
Least Developed Countries (FAO),,2012,46060
Least Developed Countries (FAO),,2013,52974
Least Developed Countries (FAO),,2014,58679
Least Developed Countries (FAO),,2015,61019
Least Developed Countries (FAO),,2016,66037
Least Developed Countries (FAO),,2017,73390
Least Developed Countries (FAO),,2018,79242
Least Developed Countries (FAO),,2019,86290
Least Developed Countries (FAO),,2020,84732
Least Developed Countries (FAO),,2021,87877
Least Developed Countries (FAO),,2022,95847
Least Developed Countries (FAO),,2023,100319
Lebanon,LBN,1990,1221
Lebanon,LBN,1991,1221
Lebanon,LBN,1992,1221
Lebanon,LBN,1993,1221
Lebanon,LBN,1994,1221
Lebanon,LBN,1995,1221
Lebanon,LBN,1996,1221
Lebanon,LBN,1997,1816
Lebanon,LBN,1998,1816
Lebanon,LBN,1999,1816
Lebanon,LBN,2000,1816
Lebanon,LBN,2001,1816
Lebanon,LBN,2002,1816
Lebanon,LBN,2003,1816
Lebanon,LBN,2004,1816
Lebanon,LBN,2005,1816
Lebanon,LBN,2006,1816
Lebanon,LBN,2007,1816
Lebanon,LBN,2008,1816
Lebanon,LBN,2009,1816
Lebanon,LBN,2010,1816
Lebanon,LBN,2011,1816
Lebanon,LBN,2012,1816
Lebanon,LBN,2013,1816
Lebanon,LBN,2014,1816
Lebanon,LBN,2015,1816
Lebanon,LBN,2016,1816
Lebanon,LBN,2017,1816
Lebanon,LBN,2018,1816
Lebanon,LBN,2019,1816
Lebanon,LBN,2020,1816
Lebanon,LBN,2021,1816
Lebanon,LBN,2022,1816
Lebanon,LBN,2023,1816
Lesotho,LSO,1990,5
Lesotho,LSO,1991,5
Lesotho,LSO,1992,5
Lesotho,LSO,1993,5
Lesotho,LSO,1994,5
Lesotho,LSO,1995,5
Lesotho,LSO,1996,5
Lesotho,LSO,1997,5
Lesotho,LSO,1998,5
Lesotho,LSO,1999,3
Lesotho,LSO,2000,7
Lesotho,LSO,2001,9
Lesotho,LSO,2002,29
Lesotho,LSO,2003,27
Lesotho,LSO,2004,29
Lesotho,LSO,2005,15
Lesotho,LSO,2006,20
Lesotho,LSO,2007,22
Lesotho,LSO,2008,19
Lesotho,LSO,2009,14
Lesotho,LSO,2010,7
Lesotho,LSO,2011,14
Lesotho,LSO,2012,15
Lesotho,LSO,2013,22
Lesotho,LSO,2014,17
Lesotho,LSO,2015,55
Lesotho,LSO,2016,75
Lesotho,LSO,2017,84
Lesotho,LSO,2018,67
Lesotho,LSO,2019,113
Lesotho,LSO,2020,222
Lesotho,LSO,2021,240
Lesotho,LSO,2022,489
Lesotho,LSO,2023,551
Liberia,LBR,1990,417
Liberia,LBR,1991,417
Liberia,LBR,1992,417
Liberia,LBR,1993,417
Liberia,LBR,1994,417
Liberia,LBR,1995,417
Liberia,LBR,1996,417
Liberia,LBR,1997,417
Liberia,LBR,1998,417
Liberia,LBR,1999,417
Liberia,LBR,2000,417
Liberia,LBR,2001,417
Liberia,LBR,2002,417
Liberia,LBR,2003,417
Liberia,LBR,2004,417
Liberia,LBR,2005,417
Liberia,LBR,2006,417
Liberia,LBR,2007,417
Liberia,LBR,2008,417
Liberia,LBR,2009,417
Liberia,LBR,2010,417
Liberia,LBR,2011,417
Liberia,LBR,2012,417
Liberia,LBR,2013,417
Liberia,LBR,2014,417
Liberia,LBR,2015,417
Liberia,LBR,2016,417
Liberia,LBR,2017,630
Liberia,LBR,2018,630
Liberia,LBR,2019,775
Liberia,LBR,2020,853
Liberia,LBR,2021,1073
Liberia,LBR,2022,1124
Liberia,LBR,2023,1043
Libya,LBY,1990,2612
Libya,LBY,1991,2486
Libya,LBY,1992,2234
Libya,LBY,1993,2182
Libya,LBY,1994,2129
Libya,LBY,1995,2077
Libya,LBY,1996,2025
Libya,LBY,1997,1556
Libya,LBY,1998,1107
Libya,LBY,1999,682
Libya,LBY,2000,693
Libya,LBY,2001,864
Libya,LBY,2002,1194
Libya,LBY,2003,2387
Libya,LBY,2004,3124
Libya,LBY,2005,3404
Libya,LBY,2006,2521
Libya,LBY,2007,1985
Libya,LBY,2008,2087
Libya,LBY,2009,2261
Libya,LBY,2010,2309
Libya,LBY,2011,1938
Libya,LBY,2012,1715
Libya,LBY,2013,1492
Libya,LBY,2014,1268
Libya,LBY,2015,1045
Libya,LBY,2016,837
Libya,LBY,2017,748
Libya,LBY,2018,1046
Libya,LBY,2019,1403
Libya,LBY,2020,1714
Libya,LBY,2021,1713
Libya,LBY,2022,1713
Libya,LBY,2023,1713
Lithuania,LTU,1992,1380
Lithuania,LTU,1993,936
Lithuania,LTU,1994,713
Lithuania,LTU,1995,737
Lithuania,LTU,1996,979
Lithuania,LTU,1997,928
Lithuania,LTU,1998,812
Lithuania,LTU,1999,695
Lithuania,LTU,2000,688
Lithuania,LTU,2001,726
Lithuania,LTU,2002,793
Lithuania,LTU,2003,847
Lithuania,LTU,2004,1024
Lithuania,LTU,2005,1049
Lithuania,LTU,2006,1197
Lithuania,LTU,2007,2723
Lithuania,LTU,2008,2723
Lithuania,LTU,2009,2749
Lithuania,LTU,2010,1804
Lithuania,LTU,2011,2703
Lithuania,LTU,2012,2712
Lithuania,LTU,2013,2662
Lithuania,LTU,2014,2704
Lithuania,LTU,2015,2789
Lithuania,LTU,2016,3385
Lithuania,LTU,2017,3056
Lithuania,LTU,2018,2082
Lithuania,LTU,2019,2352
Lithuania,LTU,2020,2587
Lithuania,LTU,2021,2613
Lithuania,LTU,2022,3614
Lithuania,LTU,2023,3013
Low Income Food Deficit Countries (FAO),,1990,20941
Low Income Food Deficit Countries (FAO),,1991,21586
Low Income Food Deficit Countries (FAO),,1992,20837
Low Income Food Deficit Countries (FAO),,1993,17949
Low Income Food Deficit Countries (FAO),,1994,21309
Low Income Food Deficit Countries (FAO),,1995,22254
Low Income Food Deficit Countries (FAO),,1996,25069
Low Income Food Deficit Countries (FAO),,1997,23693
Low Income Food Deficit Countries (FAO),,1998,25041
Low Income Food Deficit Countries (FAO),,1999,25592
Low Income Food Deficit Countries (FAO),,2000,24750
Low Income Food Deficit Countries (FAO),,2001,23498
Low Income Food Deficit Countries (FAO),,2002,28911
Low Income Food Deficit Countries (FAO),,2003,32912
Low Income Food Deficit Countries (FAO),,2004,36308
Low Income Food Deficit Countries (FAO),,2005,42145
Low Income Food Deficit Countries (FAO),,2006,43670
Low Income Food Deficit Countries (FAO),,2007,48446
Low Income Food Deficit Countries (FAO),,2008,50240
Low Income Food Deficit Countries (FAO),,2009,53458
Low Income Food Deficit Countries (FAO),,2010,60681
Low Income Food Deficit Countries (FAO),,2011,57030
Low Income Food Deficit Countries (FAO),,2012,59056
Low Income Food Deficit Countries (FAO),,2013,68555
Low Income Food Deficit Countries (FAO),,2014,72570
Low Income Food Deficit Countries (FAO),,2015,76653
Low Income Food Deficit Countries (FAO),,2016,76656
Low Income Food Deficit Countries (FAO),,2017,81303
Low Income Food Deficit Countries (FAO),,2018,87061
Low Income Food Deficit Countries (FAO),,2019,90503
Low Income Food Deficit Countries (FAO),,2020,101147
Low Income Food Deficit Countries (FAO),,2021,99227
Low Income Food Deficit Countries (FAO),,2022,105471
Low Income Food Deficit Countries (FAO),,2023,112346
Luxembourg,LUX,2000,154
Luxembourg,LUX,2001,154
Luxembourg,LUX,2002,154
Luxembourg,LUX,2003,154
Luxembourg,LUX,2004,154
Luxembourg,LUX,2005,154
Luxembourg,LUX,2006,154
Luxembourg,LUX,2007,154
Luxembourg,LUX,2008,154
Luxembourg,LUX,2009,154
Luxembourg,LUX,2010,154
Luxembourg,LUX,2011,209
Luxembourg,LUX,2012,203
Luxembourg,LUX,2013,157
Luxembourg,LUX,2014,144
Luxembourg,LUX,2015,138
Luxembourg,LUX,2016,203
Luxembourg,LUX,2017,190
Luxembourg,LUX,2018,160
Luxembourg,LUX,2019,143
Luxembourg,LUX,2020,147
Luxembourg,LUX,2021,130
Luxembourg,LUX,2022,117
Luxembourg,LUX,2023,116
Macao,MAC,1990,98
Macao,MAC,1991,92
Macao,MAC,1992,91
Macao,MAC,1993,89
Macao,MAC,1994,98
Macao,MAC,1995,94
Macao,MAC,1996,89
Macao,MAC,1997,67
Macao,MAC,1998,65
Macao,MAC,1999,54
Macao,MAC,2000,57
Macao,MAC,2001,50
Macao,MAC,2002,63
Macao,MAC,2003,93
Macao,MAC,2004,143
Macao,MAC,2005,135
Macao,MAC,2006,108
Macao,MAC,2007,60
Macao,MAC,2008,62
Macao,MAC,2009,69
Macao,MAC,2010,78
Macao,MAC,2011,85
Macao,MAC,2012,94
Macao,MAC,2013,123
Macao,MAC,2014,149
Macao,MAC,2015,178
Macao,MAC,2016,203
Macao,MAC,2017,226
Macao,MAC,2018,243
Macao,MAC,2019,266
Macao,MAC,2020,310
Macao,MAC,2021,393
Macao,MAC,2022,408
Macao,MAC,2023,426
Madagascar,MDG,1990,128
Madagascar,MDG,1991,131
Madagascar,MDG,1992,101
Madagascar,MDG,1993,109
Madagascar,MDG,1994,76
Madagascar,MDG,1995,73
Madagascar,MDG,1996,152
Madagascar,MDG,1997,140
Madagascar,MDG,1998,88
Madagascar,MDG,1999,50
Madagascar,MDG,2000,130
Madagascar,MDG,2001,88
Madagascar,MDG,2002,241
Madagascar,MDG,2003,147
Madagascar,MDG,2004,68
Madagascar,MDG,2005,115
Madagascar,MDG,2006,109
Madagascar,MDG,2007,94
Madagascar,MDG,2008,112
Madagascar,MDG,2009,144
Madagascar,MDG,2010,242
Madagascar,MDG,2011,310
Madagascar,MDG,2012,378
Madagascar,MDG,2013,508
Madagascar,MDG,2014,454
Madagascar,MDG,2015,401
Madagascar,MDG,2016,494
Madagascar,MDG,2017,643
Madagascar,MDG,2018,706
Madagascar,MDG,2019,746
Madagascar,MDG,2020,766
Madagascar,MDG,2021,701
Madagascar,MDG,2022,834
Madagascar,MDG,2023,720
Malawi,MWI,1990,172
Malawi,MWI,1991,172
Malawi,MWI,1992,172
Malawi,MWI,1993,172
Malawi,MWI,1994,172
Malawi,MWI,1995,172
Malawi,MWI,1996,172
Malawi,MWI,1997,172
Malawi,MWI,1998,136
Malawi,MWI,1999,125
Malawi,MWI,2000,210
Malawi,MWI,2001,170
Malawi,MWI,2002,129
Malawi,MWI,2003,89
Malawi,MWI,2004,48
Malawi,MWI,2005,296
Malawi,MWI,2006,202
Malawi,MWI,2007,524
Malawi,MWI,2008,625
Malawi,MWI,2009,736
Malawi,MWI,2010,584
Malawi,MWI,2011,554
Malawi,MWI,2012,776
Malawi,MWI,2013,1500
Malawi,MWI,2014,2358
Malawi,MWI,2015,2218
Malawi,MWI,2016,2078
Malawi,MWI,2017,1939
Malawi,MWI,2018,1799
Malawi,MWI,2019,1659
Malawi,MWI,2020,1519
Malawi,MWI,2021,1420
Malawi,MWI,2022,2036
Malawi,MWI,2023,2036
Malaysia,MYS,1990,23818
Malaysia,MYS,1991,23888
Malaysia,MYS,1992,24701
Malaysia,MYS,1993,26702
Malaysia,MYS,1994,26776
Malaysia,MYS,1995,27591
Malaysia,MYS,1996,28063
Malaysia,MYS,1997,28601
Malaysia,MYS,1998,27144
Malaysia,MYS,1999,29261
Malaysia,MYS,2000,30206
Malaysia,MYS,2001,30979
Malaysia,MYS,2002,31621
Malaysia,MYS,2003,34047
Malaysia,MYS,2004,36017
Malaysia,MYS,2005,37579
Malaysia,MYS,2006,39408
Malaysia,MYS,2007,46870
Malaysia,MYS,2008,54823
Malaysia,MYS,2009,52466
Malaysia,MYS,2010,60196
Malaysia,MYS,2011,41564
Malaysia,MYS,2012,49810
Malaysia,MYS,2013,61446
Malaysia,MYS,2014,49199
Malaysia,MYS,2015,63308
Malaysia,MYS,2016,67329
Malaysia,MYS,2017,50762
Malaysia,MYS,2018,44114
Malaysia,MYS,2019,47805
Malaysia,MYS,2020,36077
Malaysia,MYS,2021,45671
Malaysia,MYS,2022,25609
Malaysia,MYS,2023,30123
Maldives,MDV,1990,38
Maldives,MDV,1991,38
Maldives,MDV,1992,38
Maldives,MDV,1993,38
Maldives,MDV,1994,38
Maldives,MDV,1995,39
Maldives,MDV,1996,41
Maldives,MDV,1997,94
Maldives,MDV,1998,98
Maldives,MDV,1999,125
Maldives,MDV,2000,74
Maldives,MDV,2001,77
Maldives,MDV,2002,55
Maldives,MDV,2003,60
Maldives,MDV,2004,60
Maldives,MDV,2005,114
Maldives,MDV,2006,127
Maldives,MDV,2007,125
Maldives,MDV,2008,69
Maldives,MDV,2009,63
Maldives,MDV,2010,75
Maldives,MDV,2011,84
Maldives,MDV,2012,84
Maldives,MDV,2013,94
Maldives,MDV,2014,111
Maldives,MDV,2015,128
Maldives,MDV,2016,572
Maldives,MDV,2017,628
Maldives,MDV,2018,755
Maldives,MDV,2019,395
Maldives,MDV,2020,376
Maldives,MDV,2021,372
Maldives,MDV,2022,388
Maldives,MDV,2023,461
Mali,MLI,1990,254
Mali,MLI,1991,148
Mali,MLI,1992,98
Mali,MLI,1993,92
Mali,MLI,1994,87
Mali,MLI,1995,81
Mali,MLI,1996,75
Mali,MLI,1997,69
Mali,MLI,1998,64
Mali,MLI,1999,58
Mali,MLI,2000,52
Mali,MLI,2001,46
Mali,MLI,2002,41
Mali,MLI,2003,35
Mali,MLI,2004,29
Mali,MLI,2005,23
Mali,MLI,2006,17
Mali,MLI,2007,12
Mali,MLI,2008,19
Mali,MLI,2009,8
Mali,MLI,2010,8
Mali,MLI,2011,7
Mali,MLI,2012,4
Mali,MLI,2013,4
Mali,MLI,2014,4
Mali,MLI,2015,4
Mali,MLI,2016,4
Mali,MLI,2017,4
Mali,MLI,2018,4
Mali,MLI,2019,4
Mali,MLI,2020,4
Mali,MLI,2021,4
Mali,MLI,2022,4
Mali,MLI,2023,4
Malta,MLT,1990,326
Malta,MLT,1991,326
Malta,MLT,1992,326
Malta,MLT,1993,326
Malta,MLT,1994,447
Malta,MLT,1995,210
Malta,MLT,1996,154
Malta,MLT,1997,258
Malta,MLT,1998,261
Malta,MLT,1999,139
Malta,MLT,2000,182
Malta,MLT,2001,112
Malta,MLT,2002,113
Malta,MLT,2003,115
Malta,MLT,2004,116
Malta,MLT,2005,118
Malta,MLT,2006,119
Malta,MLT,2007,121
Malta,MLT,2008,117
Malta,MLT,2009,114
Malta,MLT,2010,110
Malta,MLT,2011,107
Malta,MLT,2012,138
Malta,MLT,2013,135
Malta,MLT,2014,110
Malta,MLT,2015,129
Malta,MLT,2016,115
Malta,MLT,2017,108
Malta,MLT,2018,90
Malta,MLT,2019,76
Malta,MLT,2020,96
Malta,MLT,2021,109
Malta,MLT,2022,101
Malta,MLT,2023,106
Mauritania,MRT,1990,71
Mauritania,MRT,1991,71
Mauritania,MRT,1992,61
Mauritania,MRT,1993,46
Mauritania,MRT,1994,25
Mauritania,MRT,1995,17
Mauritania,MRT,1996,16
Mauritania,MRT,1997,20
Mauritania,MRT,1998,22
Mauritania,MRT,1999,25
Mauritania,MRT,2000,27
Mauritania,MRT,2001,25
Mauritania,MRT,2002,24
Mauritania,MRT,2003,50
Mauritania,MRT,2004,56
Mauritania,MRT,2005,54
Mauritania,MRT,2006,33
Mauritania,MRT,2007,39
Mauritania,MRT,2008,46
Mauritania,MRT,2009,47
Mauritania,MRT,2010,62
Mauritania,MRT,2011,76
Mauritania,MRT,2012,162
Mauritania,MRT,2013,236
Mauritania,MRT,2014,291
Mauritania,MRT,2015,288
Mauritania,MRT,2016,294
Mauritania,MRT,2017,334
Mauritania,MRT,2018,381
Mauritania,MRT,2019,394
Mauritania,MRT,2020,377
Mauritania,MRT,2021,421
Mauritania,MRT,2022,571
Mauritania,MRT,2023,698
Mauritius,MUS,1990,889
Mauritius,MUS,1991,816
Mauritius,MUS,1992,743
Mauritius,MUS,1993,669
Mauritius,MUS,1994,596
Mauritius,MUS,1995,656
Mauritius,MUS,1996,617
Mauritius,MUS,1997,700
Mauritius,MUS,1998,629
Mauritius,MUS,1999,603
Mauritius,MUS,2000,629
Mauritius,MUS,2001,707
Mauritius,MUS,2002,751
Mauritius,MUS,2003,837
Mauritius,MUS,2004,790
Mauritius,MUS,2005,818
Mauritius,MUS,2006,867
Mauritius,MUS,2007,746
Mauritius,MUS,2008,840
Mauritius,MUS,2009,856
Mauritius,MUS,2010,876
Mauritius,MUS,2011,844
Mauritius,MUS,2012,764
Mauritius,MUS,2013,809
Mauritius,MUS,2014,792
Mauritius,MUS,2015,853
Mauritius,MUS,2016,860
Mauritius,MUS,2017,785
Mauritius,MUS,2018,710
Mauritius,MUS,2019,690
Mauritius,MUS,2020,641
Mauritius,MUS,2021,635
Mauritius,MUS,2022,795
Mauritius,MUS,2023,563
Mayotte,MYT,1990,29
Mayotte,MYT,1991,29
Mayotte,MYT,1992,29
Mayotte,MYT,1993,29
Mayotte,MYT,1994,29
Mayotte,MYT,1995,29
Mayotte,MYT,1996,29
Mayotte,MYT,1997,29
Mayotte,MYT,1998,29
Mayotte,MYT,1999,29
Mayotte,MYT,2000,33
Mayotte,MYT,2001,46
Mayotte,MYT,2002,53
Mayotte,MYT,2003,55
Mayotte,MYT,2004,51
Mayotte,MYT,2005,70
Mayotte,MYT,2006,71
Mayotte,MYT,2007,70
Mayotte,MYT,2008,52
Mayotte,MYT,2009,52
Mayotte,MYT,2010,52
Mayotte,MYT,2011,52
Mayotte,MYT,2012,52
Mayotte,MYT,2013,52
Mayotte,MYT,2014,52
Mayotte,MYT,2015,52
Mayotte,MYT,2016,52
Mayotte,MYT,2017,52
Mayotte,MYT,2018,52
Mayotte,MYT,2019,52
Mayotte,MYT,2020,52
Mayotte,MYT,2021,52
Mayotte,MYT,2022,52
Mayotte,MYT,2023,52
Melanesia,OWID_MNS,1990,1481
Melanesia,OWID_MNS,1991,1981
Melanesia,OWID_MNS,1992,1358
Melanesia,OWID_MNS,1993,1331
Melanesia,OWID_MNS,1994,1337
Melanesia,OWID_MNS,1995,1339
Melanesia,OWID_MNS,1996,1274
Melanesia,OWID_MNS,1997,1151
Melanesia,OWID_MNS,1998,997
Melanesia,OWID_MNS,1999,898
Melanesia,OWID_MNS,2000,835
Melanesia,OWID_MNS,2001,846
Melanesia,OWID_MNS,2002,924
Melanesia,OWID_MNS,2003,1019
Melanesia,OWID_MNS,2004,1082
Melanesia,OWID_MNS,2005,1095
Melanesia,OWID_MNS,2006,1134
Melanesia,OWID_MNS,2007,1190
Melanesia,OWID_MNS,2008,1232
Melanesia,OWID_MNS,2009,1334
Melanesia,OWID_MNS,2010,1386
Melanesia,OWID_MNS,2011,1500
Melanesia,OWID_MNS,2012,1728
Melanesia,OWID_MNS,2013,1810
Melanesia,OWID_MNS,2014,2008
Melanesia,OWID_MNS,2015,1946
Melanesia,OWID_MNS,2016,1892
Melanesia,OWID_MNS,2017,1910
Melanesia,OWID_MNS,2018,1917
Melanesia,OWID_MNS,2019,1948
Melanesia,OWID_MNS,2020,2025
Melanesia,OWID_MNS,2021,2096
Melanesia,OWID_MNS,2022,2131
Melanesia,OWID_MNS,2023,2131
Mexico,MEX,1990,26625
Mexico,MEX,1991,26625
Mexico,MEX,1992,26625
Mexico,MEX,1993,26625
Mexico,MEX,1994,26625
Mexico,MEX,1995,26625
Mexico,MEX,1996,26625
Mexico,MEX,1997,26625
Mexico,MEX,1998,26625
Mexico,MEX,1999,26625
Mexico,MEX,2000,26625
Mexico,MEX,2001,23372
Mexico,MEX,2002,11536
Mexico,MEX,2003,16285
Mexico,MEX,2004,18508
Mexico,MEX,2005,39172
Mexico,MEX,2006,38403
Mexico,MEX,2007,50894
Mexico,MEX,2008,50155
Mexico,MEX,2009,50328
Mexico,MEX,2010,52305
Mexico,MEX,2011,53220
Mexico,MEX,2012,49214
Mexico,MEX,2013,47551
Mexico,MEX,2014,43029
Mexico,MEX,2015,48293
Mexico,MEX,2016,47421
Mexico,MEX,2017,50802
Mexico,MEX,2018,53144
Mexico,MEX,2019,39903
Mexico,MEX,2020,38883
Mexico,MEX,2021,40811
Mexico,MEX,2022,41676
Mexico,MEX,2023,37298
Micronesia (country),FSM,1991,20
Micronesia (country),FSM,1992,20
Micronesia (country),FSM,1993,20
Micronesia (country),FSM,1994,20
Micronesia (country),FSM,1995,20
Micronesia (country),FSM,1996,20
Micronesia (country),FSM,1997,20
Micronesia (country),FSM,1998,20
Micronesia (country),FSM,1999,20
Micronesia (country),FSM,2000,20
Micronesia (country),FSM,2001,20
Micronesia (country),FSM,2002,20
Micronesia (country),FSM,2003,19
Micronesia (country),FSM,2004,17
Micronesia (country),FSM,2005,17
Micronesia (country),FSM,2006,16
Micronesia (country),FSM,2007,16
Micronesia (country),FSM,2008,13
Micronesia (country),FSM,2009,12
Micronesia (country),FSM,2010,11
Micronesia (country),FSM,2011,13
Micronesia (country),FSM,2012,14
Micronesia (country),FSM,2013,14
Micronesia (country),FSM,2014,12
Micronesia (country),FSM,2015,12
Micronesia (country),FSM,2016,12
Micronesia (country),FSM,2017,12
Micronesia (country),FSM,2018,12
Micronesia (country),FSM,2019,12
Micronesia (country),FSM,2020,12
Micronesia (country),FSM,2021,12
Micronesia (country),FSM,2022,12
Micronesia (country),FSM,2023,12
Middle Africa (FAO),,1990,3857
Middle Africa (FAO),,1991,3125
Middle Africa (FAO),,1992,3415
Middle Africa (FAO),,1993,3048
Middle Africa (FAO),,1994,2539
Middle Africa (FAO),,1995,2309
Middle Africa (FAO),,1996,2196
Middle Africa (FAO),,1997,2641
Middle Africa (FAO),,1998,2242
Middle Africa (FAO),,1999,2623
Middle Africa (FAO),,2000,2480
Middle Africa (FAO),,2001,2602
Middle Africa (FAO),,2002,4053
Middle Africa (FAO),,2003,4135
Middle Africa (FAO),,2004,4567
Middle Africa (FAO),,2005,4486
Middle Africa (FAO),,2006,5149
Middle Africa (FAO),,2007,5208
Middle Africa (FAO),,2008,5000
Middle Africa (FAO),,2009,4951
Middle Africa (FAO),,2010,6333
Middle Africa (FAO),,2011,6987
Middle Africa (FAO),,2012,7026
Middle Africa (FAO),,2013,7748
Middle Africa (FAO),,2014,8614
Middle Africa (FAO),,2015,8991
Middle Africa (FAO),,2016,7778
Middle Africa (FAO),,2017,10152
Middle Africa (FAO),,2018,10274
Middle Africa (FAO),,2019,11167
Middle Africa (FAO),,2020,13663
Middle Africa (FAO),,2021,13874
Middle Africa (FAO),,2022,14890
Middle Africa (FAO),,2023,15793
Moldova,MDA,1992,2897
Moldova,MDA,1993,2501
Moldova,MDA,1994,2554
Moldova,MDA,1995,2606
Moldova,MDA,1996,2659
Moldova,MDA,1997,2711
Moldova,MDA,1998,2764
Moldova,MDA,1999,2816
Moldova,MDA,2000,2869
Moldova,MDA,2001,2876
Moldova,MDA,2002,2606
Moldova,MDA,2003,2716
Moldova,MDA,2004,2915
Moldova,MDA,2005,2395
Moldova,MDA,2006,2466
Moldova,MDA,2007,2556
Moldova,MDA,2008,2925
Moldova,MDA,2009,2308
Moldova,MDA,2010,2466
Moldova,MDA,2011,2454
Moldova,MDA,2012,2316
Moldova,MDA,2013,2409
Moldova,MDA,2014,2500
Moldova,MDA,2015,2739
Moldova,MDA,2016,2981
Moldova,MDA,2017,3116
Moldova,MDA,2018,3349
Moldova,MDA,2019,3375
Moldova,MDA,2020,3355
Moldova,MDA,2021,5167
Moldova,MDA,2022,6979
Moldova,MDA,2023,6979
Mongolia,MNG,1990,116
Mongolia,MNG,1991,116
Mongolia,MNG,1992,116
Mongolia,MNG,1993,116
Mongolia,MNG,1994,116
Mongolia,MNG,1995,116
Mongolia,MNG,1996,116
Mongolia,MNG,1997,116
Mongolia,MNG,1998,116
Mongolia,MNG,1999,116
Mongolia,MNG,2000,116
Mongolia,MNG,2001,116
Mongolia,MNG,2002,116
Mongolia,MNG,2003,116
Mongolia,MNG,2004,116
Mongolia,MNG,2005,116
Mongolia,MNG,2006,116
Mongolia,MNG,2007,116
Mongolia,MNG,2008,116
Mongolia,MNG,2009,116
Mongolia,MNG,2010,116
Mongolia,MNG,2011,116
Mongolia,MNG,2012,616
Mongolia,MNG,2013,1116
Mongolia,MNG,2014,1615
Mongolia,MNG,2015,2115
Mongolia,MNG,2016,2615
Mongolia,MNG,2017,3115
Mongolia,MNG,2018,3615
Mongolia,MNG,2019,4115
Mongolia,MNG,2020,4615
Mongolia,MNG,2021,5115
Mongolia,MNG,2022,5115
Mongolia,MNG,2023,5115
Montenegro,MNE,2006,1
Montenegro,MNE,2007,1
Montenegro,MNE,2008,1
Montenegro,MNE,2009,1
Montenegro,MNE,2010,66
Montenegro,MNE,2011,75
Montenegro,MNE,2012,71
Montenegro,MNE,2013,82
Montenegro,MNE,2014,90
Montenegro,MNE,2015,76
Montenegro,MNE,2016,90
Montenegro,MNE,2017,99
Montenegro,MNE,2018,92
Montenegro,MNE,2019,102
Montenegro,MNE,2020,119
Montenegro,MNE,2021,111
Montenegro,MNE,2022,94
Montenegro,MNE,2023,86
Montserrat,MSR,1990,15
Montserrat,MSR,1991,15
Montserrat,MSR,1992,15
Montserrat,MSR,1993,15
Montserrat,MSR,1994,15
Montserrat,MSR,1995,15
Montserrat,MSR,1996,15
Montserrat,MSR,1997,15
Montserrat,MSR,1998,15
Montserrat,MSR,1999,14
Montserrat,MSR,2000,14
Montserrat,MSR,2001,12
Montserrat,MSR,2002,14
Montserrat,MSR,2003,14
Montserrat,MSR,2004,16
Montserrat,MSR,2005,15
Montserrat,MSR,2006,15
Montserrat,MSR,2007,17
Montserrat,MSR,2008,21
Montserrat,MSR,2009,22
Montserrat,MSR,2010,20
Montserrat,MSR,2011,17
Montserrat,MSR,2012,17
Montserrat,MSR,2013,17
Montserrat,MSR,2014,18
Montserrat,MSR,2015,18
Montserrat,MSR,2016,18
Montserrat,MSR,2017,18
Montserrat,MSR,2018,17
Montserrat,MSR,2019,18
Montserrat,MSR,2020,18
Montserrat,MSR,2021,18
Montserrat,MSR,2022,17
Montserrat,MSR,2023,15
Morocco,MAR,1990,9364
Morocco,MAR,1991,9771
Morocco,MAR,1992,10178
Morocco,MAR,1993,10585
Morocco,MAR,1994,10993
Morocco,MAR,1995,11400
Morocco,MAR,1996,11807
Morocco,MAR,1997,12214
Morocco,MAR,1998,12621
Morocco,MAR,1999,13028
Morocco,MAR,2000,13435
Morocco,MAR,2001,13843
Morocco,MAR,2002,14250
Morocco,MAR,2003,14657
Morocco,MAR,2004,15064
Morocco,MAR,2005,13966
Morocco,MAR,2006,13697
Morocco,MAR,2007,13697
Morocco,MAR,2008,13697
Morocco,MAR,2009,13697
Morocco,MAR,2010,13697
Morocco,MAR,2011,13697
Morocco,MAR,2012,13697
Morocco,MAR,2013,13697
Morocco,MAR,2014,13697
Morocco,MAR,2015,13697
Morocco,MAR,2016,13697
Morocco,MAR,2017,13697
Morocco,MAR,2018,13697
Morocco,MAR,2019,13697
Morocco,MAR,2020,13697
Morocco,MAR,2021,13697
Morocco,MAR,2022,13697
Morocco,MAR,2023,13697
Mozambique,MOZ,1990,102
Mozambique,MOZ,1991,102
Mozambique,MOZ,1992,102
Mozambique,MOZ,1993,102
Mozambique,MOZ,1994,102
Mozambique,MOZ,1995,72
Mozambique,MOZ,1996,66
Mozambique,MOZ,1997,61
Mozambique,MOZ,1998,86
Mozambique,MOZ,1999,112
Mozambique,MOZ,2000,137
Mozambique,MOZ,2001,163
Mozambique,MOZ,2002,188
Mozambique,MOZ,2003,214
Mozambique,MOZ,2004,240
Mozambique,MOZ,2005,265
Mozambique,MOZ,2006,291
Mozambique,MOZ,2007,316
Mozambique,MOZ,2008,342
Mozambique,MOZ,2009,367
Mozambique,MOZ,2010,393
Mozambique,MOZ,2011,418
Mozambique,MOZ,2012,444
Mozambique,MOZ,2013,470
Mozambique,MOZ,2014,495
Mozambique,MOZ,2015,521
Mozambique,MOZ,2016,546
Mozambique,MOZ,2017,572
Mozambique,MOZ,2018,708
Mozambique,MOZ,2019,844
Mozambique,MOZ,2020,1013
Mozambique,MOZ,2021,1068
Mozambique,MOZ,2022,2037
Mozambique,MOZ,2023,3287
Myanmar,MMR,1990,209
Myanmar,MMR,1991,114
Myanmar,MMR,1992,151
Myanmar,MMR,1993,160
Myanmar,MMR,1994,190
Myanmar,MMR,1995,265
Myanmar,MMR,1996,137
Myanmar,MMR,1997,146
Myanmar,MMR,1998,283
Myanmar,MMR,1999,420
Myanmar,MMR,2000,558
Myanmar,MMR,2001,695
Myanmar,MMR,2002,949
Myanmar,MMR,2003,859
Myanmar,MMR,2004,1042
Myanmar,MMR,2005,1449
Myanmar,MMR,2006,3872
Myanmar,MMR,2007,3330
Myanmar,MMR,2008,2210
Myanmar,MMR,2009,1091
Myanmar,MMR,2010,3340
Myanmar,MMR,2011,4642
Myanmar,MMR,2012,3045
Myanmar,MMR,2013,2898
Myanmar,MMR,2014,5418
Myanmar,MMR,2015,7691
Myanmar,MMR,2016,12092
Myanmar,MMR,2017,17274
Myanmar,MMR,2018,15326
Myanmar,MMR,2019,17337
Myanmar,MMR,2020,11749
Myanmar,MMR,2021,11749
Myanmar,MMR,2022,11749
Myanmar,MMR,2023,11749
Namibia,NAM,1990,574
Namibia,NAM,1991,574
Namibia,NAM,1992,574
Namibia,NAM,1993,574
Namibia,NAM,1994,574
Namibia,NAM,1995,574
Namibia,NAM,1996,574
Namibia,NAM,1997,574
Namibia,NAM,1998,574
Namibia,NAM,1999,574
Namibia,NAM,2000,1322
Namibia,NAM,2001,1346
Namibia,NAM,2002,1259
Namibia,NAM,2003,399
Namibia,NAM,2004,284
Namibia,NAM,2005,355
Namibia,NAM,2006,405
Namibia,NAM,2007,475
Namibia,NAM,2008,578
Namibia,NAM,2009,598
Namibia,NAM,2010,657
Namibia,NAM,2011,577
Namibia,NAM,2012,618
Namibia,NAM,2013,778
Namibia,NAM,2014,824
Namibia,NAM,2015,931
Namibia,NAM,2016,804
Namibia,NAM,2017,861
Namibia,NAM,2018,836
Namibia,NAM,2019,910
Namibia,NAM,2020,1010
Namibia,NAM,2021,1163
Namibia,NAM,2022,1192
Namibia,NAM,2023,1188
Nauru,NRU,1990,23
Nauru,NRU,1991,18
Nauru,NRU,1992,19
Nauru,NRU,1993,9
Nauru,NRU,1994,8
Nauru,NRU,1995,5
Nauru,NRU,1996,3
Nauru,NRU,1997,3
Nauru,NRU,1998,3
Nauru,NRU,1999,4
Nauru,NRU,2000,5
Nauru,NRU,2001,8
Nauru,NRU,2002,7
Nauru,NRU,2003,6
Nauru,NRU,2004,2
Nauru,NRU,2005,1
Nauru,NRU,2006,0
Nauru,NRU,2007,0
Nauru,NRU,2008,1
Nauru,NRU,2009,1
Nauru,NRU,2010,0
Nauru,NRU,2011,0
Nauru,NRU,2012,1
Nauru,NRU,2013,2
Nauru,NRU,2014,3
Nauru,NRU,2015,4
Nauru,NRU,2016,3
Nauru,NRU,2017,2
Nauru,NRU,2018,4
Nauru,NRU,2019,6
Nauru,NRU,2020,6
Nauru,NRU,2021,7
Nauru,NRU,2022,6
Nauru,NRU,2023,7
Nepal,NPL,1990,60
Nepal,NPL,1991,60
Nepal,NPL,1992,60
Nepal,NPL,1993,60
Nepal,NPL,1994,60
Nepal,NPL,1995,60
Nepal,NPL,1996,70
Nepal,NPL,1997,81
Nepal,NPL,1998,91
Nepal,NPL,1999,101
Nepal,NPL,2000,112
Nepal,NPL,2001,122
Nepal,NPL,2002,132
Nepal,NPL,2003,143
Nepal,NPL,2004,153
Nepal,NPL,2005,128
Nepal,NPL,2006,129
Nepal,NPL,2007,344
Nepal,NPL,2008,353
Nepal,NPL,2009,210
Nepal,NPL,2010,332
Nepal,NPL,2011,343
Nepal,NPL,2012,410
Nepal,NPL,2013,455
Nepal,NPL,2014,549
Nepal,NPL,2015,574
Nepal,NPL,2016,633
Nepal,NPL,2017,692
Nepal,NPL,2018,750
Nepal,NPL,2019,809
Nepal,NPL,2020,682
Nepal,NPL,2021,783
Nepal,NPL,2022,1175
Nepal,NPL,2023,1175
Net Food Importing Developing Countries (FAO),,1990,81611
Net Food Importing Developing Countries (FAO),,1991,77963
Net Food Importing Developing Countries (FAO),,1992,81066
Net Food Importing Developing Countries (FAO),,1993,77865
Net Food Importing Developing Countries (FAO),,1994,81413
Net Food Importing Developing Countries (FAO),,1995,83356
Net Food Importing Developing Countries (FAO),,1996,83545
Net Food Importing Developing Countries (FAO),,1997,81670
Net Food Importing Developing Countries (FAO),,1998,81603
Net Food Importing Developing Countries (FAO),,1999,83722
Net Food Importing Developing Countries (FAO),,2000,95310
Net Food Importing Developing Countries (FAO),,2001,95491
Net Food Importing Developing Countries (FAO),,2002,95039
Net Food Importing Developing Countries (FAO),,2003,94673
Net Food Importing Developing Countries (FAO),,2004,102476
Net Food Importing Developing Countries (FAO),,2005,106342
Net Food Importing Developing Countries (FAO),,2006,117610
Net Food Importing Developing Countries (FAO),,2007,119366
Net Food Importing Developing Countries (FAO),,2008,124135
Net Food Importing Developing Countries (FAO),,2009,125976
Net Food Importing Developing Countries (FAO),,2010,137522
Net Food Importing Developing Countries (FAO),,2011,143567
Net Food Importing Developing Countries (FAO),,2012,148076
Net Food Importing Developing Countries (FAO),,2013,159404
Net Food Importing Developing Countries (FAO),,2014,164097
Net Food Importing Developing Countries (FAO),,2015,161547
Net Food Importing Developing Countries (FAO),,2016,171613
Net Food Importing Developing Countries (FAO),,2017,179870
Net Food Importing Developing Countries (FAO),,2018,189689
Net Food Importing Developing Countries (FAO),,2019,197840
Net Food Importing Developing Countries (FAO),,2020,201498
Net Food Importing Developing Countries (FAO),,2021,198939
Net Food Importing Developing Countries (FAO),,2022,199938
Net Food Importing Developing Countries (FAO),,2023,207770
Netherlands,NLD,1990,9729
Netherlands,NLD,1991,9338
Netherlands,NLD,1992,9030
Netherlands,NLD,1993,10505
Netherlands,NLD,1994,8646
Netherlands,NLD,1995,10213
Netherlands,NLD,1996,8923
Netherlands,NLD,1997,8812
Netherlands,NLD,1998,10579
Netherlands,NLD,1999,9682
Netherlands,NLD,2000,11383
Netherlands,NLD,2001,9425
Netherlands,NLD,2002,9700
Netherlands,NLD,2003,9550
Netherlands,NLD,2004,10655
Netherlands,NLD,2005,10704
Netherlands,NLD,2006,10461
Netherlands,NLD,2007,12073
Netherlands,NLD,2008,10777
Netherlands,NLD,2009,9857
Netherlands,NLD,2010,9586
Netherlands,NLD,2011,10914
Netherlands,NLD,2012,11312
Netherlands,NLD,2013,10686
Netherlands,NLD,2014,10619
Netherlands,NLD,2015,9958
Netherlands,NLD,2016,10765
Netherlands,NLD,2017,10550
Netherlands,NLD,2018,9366
Netherlands,NLD,2019,9199
Netherlands,NLD,2020,9867
Netherlands,NLD,2021,9347
Netherlands,NLD,2022,8732
Netherlands,NLD,2023,7263
Netherlands Antilles,ANT,1990,185
Netherlands Antilles,ANT,1991,191
Netherlands Antilles,ANT,1992,198
Netherlands Antilles,ANT,1993,207
Netherlands Antilles,ANT,1994,211
Netherlands Antilles,ANT,1995,216
Netherlands Antilles,ANT,1996,220
Netherlands Antilles,ANT,1997,225
Netherlands Antilles,ANT,1998,230
Netherlands Antilles,ANT,1999,234
Netherlands Antilles,ANT,2000,239
Netherlands Antilles,ANT,2001,243
Netherlands Antilles,ANT,2002,248
Netherlands Antilles,ANT,2003,257
Netherlands Antilles,ANT,2004,271
Netherlands Antilles,ANT,2005,267
Netherlands Antilles,ANT,2006,249
Netherlands Antilles,ANT,2007,232
Netherlands Antilles,ANT,2008,231
Netherlands Antilles,ANT,2009,238
Netherlands Antilles,ANT,2010,238
New Caledonia,NCL,1990,324
New Caledonia,NCL,1991,324
New Caledonia,NCL,1992,324
New Caledonia,NCL,1993,324
New Caledonia,NCL,1994,324
New Caledonia,NCL,1995,324
New Caledonia,NCL,1996,324
New Caledonia,NCL,1997,313
New Caledonia,NCL,1998,276
New Caledonia,NCL,1999,251
New Caledonia,NCL,2000,221
New Caledonia,NCL,2001,235
New Caledonia,NCL,2002,250
New Caledonia,NCL,2003,266
New Caledonia,NCL,2004,259
New Caledonia,NCL,2005,242
New Caledonia,NCL,2006,235
New Caledonia,NCL,2007,239
New Caledonia,NCL,2008,241
New Caledonia,NCL,2009,240
New Caledonia,NCL,2010,244
New Caledonia,NCL,2011,239
New Caledonia,NCL,2012,249
New Caledonia,NCL,2013,246
New Caledonia,NCL,2014,252
New Caledonia,NCL,2015,252
New Caledonia,NCL,2016,253
New Caledonia,NCL,2017,253
New Caledonia,NCL,2018,253
New Caledonia,NCL,2019,253
New Caledonia,NCL,2020,253
New Caledonia,NCL,2021,253
New Caledonia,NCL,2022,253
New Caledonia,NCL,2023,253
New Zealand,NZL,1990,3740
New Zealand,NZL,1991,3740
New Zealand,NZL,1992,3740
New Zealand,NZL,1993,3739
New Zealand,NZL,1994,3515
New Zealand,NZL,1995,3904
New Zealand,NZL,1996,3499
New Zealand,NZL,1997,3550
New Zealand,NZL,1998,3055
New Zealand,NZL,1999,2535
New Zealand,NZL,2000,3634
New Zealand,NZL,2001,3333
New Zealand,NZL,2002,4369
New Zealand,NZL,2003,4090
New Zealand,NZL,2004,4249
New Zealand,NZL,2005,4257
New Zealand,NZL,2006,4587
New Zealand,NZL,2007,5138
New Zealand,NZL,2008,6056
New Zealand,NZL,2009,5285
New Zealand,NZL,2010,5285
New Zealand,NZL,2011,5285
New Zealand,NZL,2012,5285
New Zealand,NZL,2013,5285
New Zealand,NZL,2014,5285
New Zealand,NZL,2015,5285
New Zealand,NZL,2016,5285
New Zealand,NZL,2017,5285
New Zealand,NZL,2018,5285
New Zealand,NZL,2019,5285
New Zealand,NZL,2020,5285
New Zealand,NZL,2021,5285
New Zealand,NZL,2022,5285
New Zealand,NZL,2023,5285
Nicaragua,NIC,1990,575
Nicaragua,NIC,1991,575
Nicaragua,NIC,1992,575
Nicaragua,NIC,1993,977
Nicaragua,NIC,1994,799
Nicaragua,NIC,1995,876
Nicaragua,NIC,1996,2042
Nicaragua,NIC,1997,3207
Nicaragua,NIC,1998,4373
Nicaragua,NIC,1999,4097
Nicaragua,NIC,2000,3926
Nicaragua,NIC,2001,3604
Nicaragua,NIC,2002,5476
Nicaragua,NIC,2003,5851
Nicaragua,NIC,2004,5299
Nicaragua,NIC,2005,9392
Nicaragua,NIC,2006,6889
Nicaragua,NIC,2007,9850
Nicaragua,NIC,2008,10174
Nicaragua,NIC,2009,9388
Nicaragua,NIC,2010,12242
Nicaragua,NIC,2011,4932
Nicaragua,NIC,2012,4414
Nicaragua,NIC,2013,6705
Nicaragua,NIC,2014,6827
Nicaragua,NIC,2015,7846
Nicaragua,NIC,2016,7682
Nicaragua,NIC,2017,7902
Nicaragua,NIC,2018,6994
Nicaragua,NIC,2019,7808
Nicaragua,NIC,2020,15658
Nicaragua,NIC,2021,13710
Nicaragua,NIC,2022,12907
Nicaragua,NIC,2023,15040
Niger,NER,1990,62
Niger,NER,1991,62
Niger,NER,1992,62
Niger,NER,1993,62
Niger,NER,1994,62
Niger,NER,1995,62
Niger,NER,1996,22
Niger,NER,1997,34
Niger,NER,1998,36
Niger,NER,1999,26
Niger,NER,2000,62
Niger,NER,2001,31
Niger,NER,2002,29
Niger,NER,2003,28
Niger,NER,2004,26
Niger,NER,2005,25
Niger,NER,2006,21
Niger,NER,2007,31
Niger,NER,2008,12
Niger,NER,2009,7
Niger,NER,2010,11
Niger,NER,2011,11
Niger,NER,2012,21
Niger,NER,2013,28
Niger,NER,2014,35
Niger,NER,2015,41
Niger,NER,2016,48
Niger,NER,2017,33
Niger,NER,2018,18
Niger,NER,2019,22
Niger,NER,2020,20
Niger,NER,2021,35
Niger,NER,2022,26
Niger,NER,2023,26
Nigeria,NGA,1990,3445
Nigeria,NGA,1991,2508
Nigeria,NGA,1992,1718
Nigeria,NGA,1993,949
Nigeria,NGA,1994,1139
Nigeria,NGA,1995,2161
Nigeria,NGA,1996,4196
Nigeria,NGA,1997,9992
Nigeria,NGA,1998,9588
Nigeria,NGA,1999,8071
Nigeria,NGA,2000,3880
Nigeria,NGA,2001,4717
Nigeria,NGA,2002,7239
Nigeria,NGA,2003,9499
Nigeria,NGA,2004,12798
Nigeria,NGA,2005,15336
Nigeria,NGA,2006,13557
Nigeria,NGA,2007,9729
Nigeria,NGA,2008,11511
Nigeria,NGA,2009,18096
Nigeria,NGA,2010,26873
Nigeria,NGA,2011,31079
Nigeria,NGA,2012,33968
Nigeria,NGA,2013,40668
Nigeria,NGA,2014,36121
Nigeria,NGA,2015,31255
Nigeria,NGA,2016,26751
Nigeria,NGA,2017,36467
Nigeria,NGA,2018,47121
Nigeria,NGA,2019,53954
Nigeria,NGA,2020,57269
Nigeria,NGA,2021,57638
Nigeria,NGA,2022,52552
Nigeria,NGA,2023,48184
Niue,NIU,1990,0
Niue,NIU,1991,0
Niue,NIU,1992,0
Niue,NIU,1993,0
Niue,NIU,1994,1
Niue,NIU,1995,2
Niue,NIU,1996,2
Niue,NIU,1997,2
Niue,NIU,1998,2
Niue,NIU,1999,3
Niue,NIU,2000,3
Niue,NIU,2001,5
Niue,NIU,2002,3
Niue,NIU,2003,5
Niue,NIU,2004,5
Niue,NIU,2005,6
Niue,NIU,2006,4
Niue,NIU,2007,3
Niue,NIU,2008,8
Niue,NIU,2009,7
Niue,NIU,2010,6
Niue,NIU,2011,1
Niue,NIU,2012,1
Niue,NIU,2013,0
Niue,NIU,2014,1
Niue,NIU,2015,1
Niue,NIU,2016,2
Niue,NIU,2017,2
Niue,NIU,2018,2
Niue,NIU,2019,2
Niue,NIU,2020,2
Niue,NIU,2021,2
Niue,NIU,2022,2
Niue,NIU,2023,2
Norfolk Island,NFK,1990,1
Norfolk Island,NFK,1991,2
Norfolk Island,NFK,1992,2
Norfolk Island,NFK,1993,2
Norfolk Island,NFK,1994,1
Norfolk Island,NFK,1995,1
Norfolk Island,NFK,1996,2
Norfolk Island,NFK,1997,3
Norfolk Island,NFK,1998,3
Norfolk Island,NFK,1999,3
Norfolk Island,NFK,2000,3
Norfolk Island,NFK,2001,4
Norfolk Island,NFK,2002,3
Norfolk Island,NFK,2003,2
Norfolk Island,NFK,2004,2
Norfolk Island,NFK,2005,1
Norfolk Island,NFK,2006,1
Norfolk Island,NFK,2007,1
Norfolk Island,NFK,2008,1
Norfolk Island,NFK,2009,1
Norfolk Island,NFK,2010,1
Norfolk Island,NFK,2011,0
Norfolk Island,NFK,2012,0
Norfolk Island,NFK,2013,1
Norfolk Island,NFK,2014,1
Norfolk Island,NFK,2015,2
Norfolk Island,NFK,2016,2
Norfolk Island,NFK,2017,2
Norfolk Island,NFK,2018,2
Norfolk Island,NFK,2019,2
Norfolk Island,NFK,2020,2
Norfolk Island,NFK,2021,2
Norfolk Island,NFK,2022,2
Norfolk Island,NFK,2023,2
North Macedonia,MKD,1992,970
North Macedonia,MKD,1993,659
North Macedonia,MKD,1994,540
North Macedonia,MKD,1995,573
North Macedonia,MKD,1996,556
North Macedonia,MKD,1997,507
North Macedonia,MKD,1998,529
North Macedonia,MKD,1999,413
North Macedonia,MKD,2000,296
North Macedonia,MKD,2001,175
North Macedonia,MKD,2002,240
North Macedonia,MKD,2003,210
North Macedonia,MKD,2004,262
North Macedonia,MKD,2005,149
North Macedonia,MKD,2006,327
North Macedonia,MKD,2007,119
North Macedonia,MKD,2008,85
North Macedonia,MKD,2009,98
North Macedonia,MKD,2010,98
North Macedonia,MKD,2011,98
North Macedonia,MKD,2012,98
North Macedonia,MKD,2013,98
North Macedonia,MKD,2014,98
North Macedonia,MKD,2015,98
North Macedonia,MKD,2016,98
North Macedonia,MKD,2017,98
North Macedonia,MKD,2018,98
North Macedonia,MKD,2019,98
North Macedonia,MKD,2020,98
North Macedonia,MKD,2021,98
North Macedonia,MKD,2022,98
North Macedonia,MKD,2023,98
Northern Africa (FAO),,1990,33486
Northern Africa (FAO),,1991,30159
Northern Africa (FAO),,1992,24997
Northern Africa (FAO),,1993,22045
Northern Africa (FAO),,1994,23388
Northern Africa (FAO),,1995,26335
Northern Africa (FAO),,1996,22803
Northern Africa (FAO),,1997,22331
Northern Africa (FAO),,1998,22019
Northern Africa (FAO),,1999,22561
Northern Africa (FAO),,2000,23275
Northern Africa (FAO),,2001,24490
Northern Africa (FAO),,2002,25671
Northern Africa (FAO),,2003,28058
Northern Africa (FAO),,2004,30180
Northern Africa (FAO),,2005,28669
Northern Africa (FAO),,2006,31062
Northern Africa (FAO),,2007,30768
Northern Africa (FAO),,2008,34160
Northern Africa (FAO),,2009,32061
Northern Africa (FAO),,2010,34503
Northern Africa (FAO),,2011,41190
Northern Africa (FAO),,2012,43929
Northern Africa (FAO),,2013,42239
Northern Africa (FAO),,2014,39108
Northern Africa (FAO),,2015,33178
Northern Africa (FAO),,2016,36599
Northern Africa (FAO),,2017,33670
Northern Africa (FAO),,2018,40786
Northern Africa (FAO),,2019,41670
Northern Africa (FAO),,2020,40720
Northern Africa (FAO),,2021,39405
Northern Africa (FAO),,2022,38275
Northern Africa (FAO),,2023,40390
Northern America (FAO),,1990,430114
Northern America (FAO),,1991,424580
Northern America (FAO),,1992,431295
Northern America (FAO),,1993,419883
Northern America (FAO),,1994,455211
Northern America (FAO),,1995,455550
Northern America (FAO),,1996,468558
Northern America (FAO),,1997,470207
Northern America (FAO),,1998,465967
Northern America (FAO),,1999,478069
Northern America (FAO),,2000,469807
Northern America (FAO),,2001,449995
Northern America (FAO),,2002,447669
Northern America (FAO),,2003,442780
Northern America (FAO),,2004,454297
Northern America (FAO),,2005,446192
Northern America (FAO),,2006,429453
Northern America (FAO),,2007,445272
Northern America (FAO),,2008,432998
Northern America (FAO),,2009,412964
Northern America (FAO),,2010,435957
Northern America (FAO),,2011,453497
Northern America (FAO),,2012,481413
Northern America (FAO),,2013,500495
Northern America (FAO),,2014,489637
Northern America (FAO),,2015,499006
Northern America (FAO),,2016,542779
Northern America (FAO),,2017,548178
Northern America (FAO),,2018,545145
Northern America (FAO),,2019,523277
Northern America (FAO),,2020,532711
Northern America (FAO),,2021,535934
Northern America (FAO),,2022,523025
Northern America (FAO),,2023,525278
Northern Europe (FAO),,1990,44950
Northern Europe (FAO),,1991,42047
Northern Europe (FAO),,1992,46856
Northern Europe (FAO),,1993,46429
Northern Europe (FAO),,1994,47854
Northern Europe (FAO),,1995,46719
Northern Europe (FAO),,1996,47039
Northern Europe (FAO),,1997,48256
Northern Europe (FAO),,1998,49245
Northern Europe (FAO),,1999,48152
Northern Europe (FAO),,2000,45137
Northern Europe (FAO),,2001,46364
Northern Europe (FAO),,2002,45688
Northern Europe (FAO),,2003,46052
Northern Europe (FAO),,2004,46041
Northern Europe (FAO),,2005,47075
Northern Europe (FAO),,2006,39153
Northern Europe (FAO),,2007,40015
Northern Europe (FAO),,2008,39822
Northern Europe (FAO),,2009,37757
Northern Europe (FAO),,2010,33048
Northern Europe (FAO),,2011,43056
Northern Europe (FAO),,2012,39749
Northern Europe (FAO),,2013,34279
Northern Europe (FAO),,2014,39454
Northern Europe (FAO),,2015,39347
Northern Europe (FAO),,2016,36974
Northern Europe (FAO),,2017,36469
Northern Europe (FAO),,2018,35109
Northern Europe (FAO),,2019,35801
Northern Europe (FAO),,2020,34004
Northern Europe (FAO),,2021,33291
Northern Europe (FAO),,2022,35532
Northern Europe (FAO),,2023,33868
Northern Mariana Islands,MNP,1991,2
Northern Mariana Islands,MNP,1992,2
Northern Mariana Islands,MNP,1993,2
Northern Mariana Islands,MNP,1994,2
Northern Mariana Islands,MNP,1995,2
Northern Mariana Islands,MNP,1996,2
Northern Mariana Islands,MNP,1997,3
Northern Mariana Islands,MNP,1998,3
Northern Mariana Islands,MNP,1999,3
Northern Mariana Islands,MNP,2000,4
Northern Mariana Islands,MNP,2001,4
Northern Mariana Islands,MNP,2002,5
Northern Mariana Islands,MNP,2003,5
Northern Mariana Islands,MNP,2004,5
Northern Mariana Islands,MNP,2005,6
Northern Mariana Islands,MNP,2006,6
Northern Mariana Islands,MNP,2007,7
Northern Mariana Islands,MNP,2008,7
Northern Mariana Islands,MNP,2009,8
Northern Mariana Islands,MNP,2010,8
Northern Mariana Islands,MNP,2011,8
Northern Mariana Islands,MNP,2012,9
Northern Mariana Islands,MNP,2013,9
Northern Mariana Islands,MNP,2014,10
Northern Mariana Islands,MNP,2015,10
Northern Mariana Islands,MNP,2016,10
Northern Mariana Islands,MNP,2017,11
Northern Mariana Islands,MNP,2018,11
Northern Mariana Islands,MNP,2019,12
Northern Mariana Islands,MNP,2020,12
Northern Mariana Islands,MNP,2021,8
Northern Mariana Islands,MNP,2022,4
Northern Mariana Islands,MNP,2023,0
Norway,NOR,1990,1183
Norway,NOR,1991,760
Norway,NOR,1992,768
Norway,NOR,1993,749
Norway,NOR,1994,848
Norway,NOR,1995,913
Norway,NOR,1996,698
Norway,NOR,1997,735
Norway,NOR,1998,934
Norway,NOR,1999,802
Norway,NOR,2000,348
Norway,NOR,2001,513
Norway,NOR,2002,799
Norway,NOR,2003,669
Norway,NOR,2004,827
Norway,NOR,2005,519
Norway,NOR,2006,696
Norway,NOR,2007,722
Norway,NOR,2008,801
Norway,NOR,2009,535
Norway,NOR,2010,699
Norway,NOR,2011,824
Norway,NOR,2012,814
Norway,NOR,2013,762
Norway,NOR,2014,861
Norway,NOR,2015,631
Norway,NOR,2016,676
Norway,NOR,2017,671
Norway,NOR,2018,614
Norway,NOR,2019,604
Norway,NOR,2020,688
Norway,NOR,2021,710
Norway,NOR,2022,762
Norway,NOR,2023,629
Oceania (FAO),,1990,23456
Oceania (FAO),,1991,23969
Oceania (FAO),,1992,27723
Oceania (FAO),,1993,29356
Oceania (FAO),,1994,26342
Oceania (FAO),,1995,31272
Oceania (FAO),,1996,36379
Oceania (FAO),,1997,39221
Oceania (FAO),,1998,41690
Oceania (FAO),,1999,38057
Oceania (FAO),,2000,38379
Oceania (FAO),,2001,37342
Oceania (FAO),,2002,32430
Oceania (FAO),,2003,38010
Oceania (FAO),,2004,42081
Oceania (FAO),,2005,40122
Oceania (FAO),,2006,42093
Oceania (FAO),,2007,39250
Oceania (FAO),,2008,50700
Oceania (FAO),,2009,45148
Oceania (FAO),,2010,49303
Oceania (FAO),,2011,54887
Oceania (FAO),,2012,56190
Oceania (FAO),,2013,52801
Oceania (FAO),,2014,57735
Oceania (FAO),,2015,58768
Oceania (FAO),,2016,71223
Oceania (FAO),,2017,67485
Oceania (FAO),,2018,88054
Oceania (FAO),,2019,108573
Oceania (FAO),,2020,129389
Oceania (FAO),,2021,149943
Oceania (FAO),,2022,170385
Oceania (FAO),,2023,190359
Oman,OMN,1990,43
Oman,OMN,1991,32
Oman,OMN,1992,127
Oman,OMN,1993,104
Oman,OMN,1994,80
Oman,OMN,1995,83
Oman,OMN,1996,86
Oman,OMN,1997,285
Oman,OMN,1998,298
Oman,OMN,1999,172
Oman,OMN,2000,45
Oman,OMN,2001,66
Oman,OMN,2002,87
Oman,OMN,2003,109
Oman,OMN,2004,130
Oman,OMN,2005,151
Oman,OMN,2006,172
Oman,OMN,2007,193
Oman,OMN,2008,214
Oman,OMN,2009,235
Oman,OMN,2010,256
Oman,OMN,2011,292
Oman,OMN,2012,339
Oman,OMN,2013,439
Oman,OMN,2014,410
Oman,OMN,2015,333
Oman,OMN,2016,347
Oman,OMN,2017,275
Oman,OMN,2018,204
Oman,OMN,2019,305
Oman,OMN,2020,295
Oman,OMN,2021,284
Oman,OMN,2022,415
Oman,OMN,2023,415
Pakistan,PAK,1990,16479
Pakistan,PAK,1991,16479
Pakistan,PAK,1992,16479
Pakistan,PAK,1993,16479
Pakistan,PAK,1994,16479
Pakistan,PAK,1995,16479
Pakistan,PAK,1996,16479
Pakistan,PAK,1997,16479
Pakistan,PAK,1998,17619
Pakistan,PAK,1999,19470
Pakistan,PAK,2000,26702
Pakistan,PAK,2001,26702
Pakistan,PAK,2002,26702
Pakistan,PAK,2003,26702
Pakistan,PAK,2004,26702
Pakistan,PAK,2005,26702
Pakistan,PAK,2006,26702
Pakistan,PAK,2007,26702
Pakistan,PAK,2008,26702
Pakistan,PAK,2009,26702
Pakistan,PAK,2010,26702
Pakistan,PAK,2011,26702
Pakistan,PAK,2012,26702
Pakistan,PAK,2013,26702
Pakistan,PAK,2014,26702
Pakistan,PAK,2015,26702
Pakistan,PAK,2016,26702
Pakistan,PAK,2017,26702
Pakistan,PAK,2018,26702
Pakistan,PAK,2019,26702
Pakistan,PAK,2020,26702
Pakistan,PAK,2021,26702
Pakistan,PAK,2022,26702
Pakistan,PAK,2023,26702
Palau,PLW,1991,7
Palau,PLW,1992,7
Palau,PLW,1993,7
Palau,PLW,1994,7
Palau,PLW,1995,7
Palau,PLW,1996,7
Palau,PLW,1997,7
Palau,PLW,1998,7
Palau,PLW,1999,7
Palau,PLW,2000,7
Palau,PLW,2001,7
Palau,PLW,2002,7
Palau,PLW,2003,7
Palau,PLW,2004,7
Palau,PLW,2005,7
Palau,PLW,2006,7
Palau,PLW,2007,6
Palau,PLW,2008,5
Palau,PLW,2009,4
Palau,PLW,2010,5
Palau,PLW,2011,5
Palau,PLW,2012,6
Palau,PLW,2013,9
Palau,PLW,2014,13
Palau,PLW,2015,21
Palau,PLW,2016,28
Palau,PLW,2017,30
Palau,PLW,2018,29
Palau,PLW,2019,25
Palau,PLW,2020,25
Palau,PLW,2021,25
Palau,PLW,2022,25
Palau,PLW,2023,25
Palestine,PSE,1990,1263
Palestine,PSE,1991,1263
Palestine,PSE,1992,1263
Palestine,PSE,1993,1263
Palestine,PSE,1994,1263
Palestine,PSE,1995,1263
Palestine,PSE,1996,1263
Palestine,PSE,1997,1263
Palestine,PSE,1998,1263
Palestine,PSE,1999,1263
Palestine,PSE,2000,1263
Palestine,PSE,2001,1263
Palestine,PSE,2002,1263
Palestine,PSE,2003,1239
Palestine,PSE,2004,1238
Palestine,PSE,2005,1243
Palestine,PSE,2006,1291
Palestine,PSE,2007,1266
Palestine,PSE,2008,1348
Palestine,PSE,2009,1348
Palestine,PSE,2010,1348
Palestine,PSE,2011,1348
Palestine,PSE,2012,1348
Palestine,PSE,2013,1348
Palestine,PSE,2014,1348
Palestine,PSE,2015,1348
Palestine,PSE,2016,1348
Palestine,PSE,2017,1348
Palestine,PSE,2018,1348
Palestine,PSE,2019,1348
Palestine,PSE,2020,1348
Palestine,PSE,2021,1348
Palestine,PSE,2022,1348
Palestine,PSE,2023,1348
Panama,PAN,1990,3309
Panama,PAN,1991,3309
Panama,PAN,1992,3309
Panama,PAN,1993,3309
Panama,PAN,1994,3309
Panama,PAN,1995,3309
Panama,PAN,1996,3309
Panama,PAN,1997,3309
Panama,PAN,1998,2008
Panama,PAN,1999,1554
Panama,PAN,2000,1099
Panama,PAN,2001,2789
Panama,PAN,2002,2142
Panama,PAN,2003,2448
Panama,PAN,2004,2591
Panama,PAN,2005,2677
Panama,PAN,2006,2633
Panama,PAN,2007,2240
Panama,PAN,2008,2143
Panama,PAN,2009,2046
Panama,PAN,2010,1949
Panama,PAN,2011,1852
Panama,PAN,2012,1371
Panama,PAN,2013,2477
Panama,PAN,2014,2459
Panama,PAN,2015,2440
Panama,PAN,2016,2422
Panama,PAN,2017,2403
Panama,PAN,2018,1638
Panama,PAN,2019,872
Panama,PAN,2020,4393
Panama,PAN,2021,14533
Panama,PAN,2022,11150
Panama,PAN,2023,9849
Papua New Guinea,PNG,1990,801
Papua New Guinea,PNG,1991,784
Papua New Guinea,PNG,1992,759
Papua New Guinea,PNG,1993,733
Papua New Guinea,PNG,1994,712
Papua New Guinea,PNG,1995,687
Papua New Guinea,PNG,1996,614
Papua New Guinea,PNG,1997,492
Papua New Guinea,PNG,1998,365
Papua New Guinea,PNG,1999,280
Papua New Guinea,PNG,2000,235
Papua New Guinea,PNG,2001,220
Papua New Guinea,PNG,2002,261
Papua New Guinea,PNG,2003,311
Papua New Guinea,PNG,2004,352
Papua New Guinea,PNG,2005,355
Papua New Guinea,PNG,2006,372
Papua New Guinea,PNG,2007,388
Papua New Guinea,PNG,2008,405
Papua New Guinea,PNG,2009,421
Papua New Guinea,PNG,2010,438
Papua New Guinea,PNG,2011,591
Papua New Guinea,PNG,2012,744
Papua New Guinea,PNG,2013,897
Papua New Guinea,PNG,2014,914
Papua New Guinea,PNG,2015,930
Papua New Guinea,PNG,2016,947
Papua New Guinea,PNG,2017,964
Papua New Guinea,PNG,2018,981
Papua New Guinea,PNG,2019,1028
Papua New Guinea,PNG,2020,1104
Papua New Guinea,PNG,2021,1175
Papua New Guinea,PNG,2022,1211
Papua New Guinea,PNG,2023,1211
Paraguay,PRY,1990,3380
Paraguay,PRY,1991,3380
Paraguay,PRY,1992,3380
Paraguay,PRY,1993,5807
Paraguay,PRY,1994,8234
Paraguay,PRY,1995,10660
Paraguay,PRY,1996,13087
Paraguay,PRY,1997,15514
Paraguay,PRY,1998,12196
Paraguay,PRY,1999,5064
Paraguay,PRY,2000,3507
Paraguay,PRY,2001,10583
Paraguay,PRY,2002,11753
Paraguay,PRY,2003,12923
Paraguay,PRY,2004,14093
Paraguay,PRY,2005,15263
Paraguay,PRY,2006,16433
Paraguay,PRY,2007,17603
Paraguay,PRY,2008,18773
Paraguay,PRY,2009,19943
Paraguay,PRY,2010,21113
Paraguay,PRY,2011,22283
Paraguay,PRY,2012,23453
Paraguay,PRY,2013,24667
Paraguay,PRY,2014,18070
Paraguay,PRY,2015,18908
Paraguay,PRY,2016,18567
Paraguay,PRY,2017,19662
Paraguay,PRY,2018,16331
Paraguay,PRY,2019,16454
Paraguay,PRY,2020,17435
Paraguay,PRY,2021,16008
Paraguay,PRY,2022,16804
Paraguay,PRY,2023,18476
Peru,PER,1990,1336
Peru,PER,1991,1336
Peru,PER,1992,1336
Peru,PER,1993,1336
Peru,PER,1994,1336
Peru,PER,1995,1336
Peru,PER,1996,1600
Peru,PER,1997,1850
Peru,PER,1998,1912
Peru,PER,1999,1809
Peru,PER,2000,2257
Peru,PER,2001,3001
Peru,PER,2002,2893
Peru,PER,2003,2849
Peru,PER,2004,3128
Peru,PER,2005,3578
Peru,PER,2006,4238
Peru,PER,2007,2928
Peru,PER,2008,5009
Peru,PER,2009,4719
Peru,PER,2010,6226
Peru,PER,2011,6031
Peru,PER,2012,7289
Peru,PER,2013,7092
Peru,PER,2014,8263
Peru,PER,2015,8871
Peru,PER,2016,9449
Peru,PER,2017,9992
Peru,PER,2018,8561
Peru,PER,2019,10568
Peru,PER,2020,13401
Peru,PER,2021,11493
Peru,PER,2022,9401
Peru,PER,2023,10615
Philippines,PHL,1990,15154
Philippines,PHL,1991,15374
Philippines,PHL,1992,15508
Philippines,PHL,1993,15831
Philippines,PHL,1994,16238
Philippines,PHL,1995,16759
Philippines,PHL,1996,16853
Philippines,PHL,1997,16847
Philippines,PHL,1998,16959
Philippines,PHL,1999,17473
Philippines,PHL,2000,17383
Philippines,PHL,2001,17510
Philippines,PHL,2002,17995
Philippines,PHL,2003,18331
Philippines,PHL,2004,18011
Philippines,PHL,2005,18304
Philippines,PHL,2006,18899
Philippines,PHL,2007,19404
Philippines,PHL,2008,20076
Philippines,PHL,2009,19976
Philippines,PHL,2010,21311
Philippines,PHL,2011,21180
Philippines,PHL,2012,21608
Philippines,PHL,2013,22374
Philippines,PHL,2014,22112
Philippines,PHL,2015,23251
Philippines,PHL,2016,21632
Philippines,PHL,2017,21491
Philippines,PHL,2018,21350
Philippines,PHL,2019,24879
Philippines,PHL,2020,34715
Philippines,PHL,2021,37660
Philippines,PHL,2022,37660
Philippines,PHL,2023,37660
Pitcairn,PCN,1990,7
Pitcairn,PCN,1991,7
Pitcairn,PCN,1992,7
Pitcairn,PCN,1993,7
Pitcairn,PCN,1994,7
Pitcairn,PCN,1995,6
Pitcairn,PCN,1996,4
Pitcairn,PCN,1997,1
Pitcairn,PCN,1998,0
Pitcairn,PCN,1999,1
Pitcairn,PCN,2000,1
Pitcairn,PCN,2001,0
Pitcairn,PCN,2002,0
Pitcairn,PCN,2003,0
Pitcairn,PCN,2004,0
Pitcairn,PCN,2005,0
Pitcairn,PCN,2006,0
Pitcairn,PCN,2007,0
Pitcairn,PCN,2008,0
Pitcairn,PCN,2009,0
Pitcairn,PCN,2010,0
Pitcairn,PCN,2011,0
Pitcairn,PCN,2012,0
Pitcairn,PCN,2013,0
Pitcairn,PCN,2014,0
Pitcairn,PCN,2015,0
Pitcairn,PCN,2016,0
Pitcairn,PCN,2017,0
Pitcairn,PCN,2018,0
Pitcairn,PCN,2019,0
Pitcairn,PCN,2020,0
Pitcairn,PCN,2021,0
Pitcairn,PCN,2022,0
Pitcairn,PCN,2023,0
Poland,POL,1990,5422
Poland,POL,1991,5422
Poland,POL,1992,7363
Poland,POL,1993,8825
Poland,POL,1994,9330
Poland,POL,1995,7136
Poland,POL,1996,9824
Poland,POL,1997,9501
Poland,POL,1998,8699
Poland,POL,1999,8466
Poland,POL,2000,8848
Poland,POL,2001,8855
Poland,POL,2002,10358
Poland,POL,2003,7184
Poland,POL,2004,8726
Poland,POL,2005,16039
Poland,POL,2006,17101
Poland,POL,2007,18721
Poland,POL,2008,20611
Poland,POL,2009,18493
Poland,POL,2010,19449
Poland,POL,2011,21763
Poland,POL,2012,21874
Poland,POL,2013,22192
Poland,POL,2014,23551
Poland,POL,2015,23996
Poland,POL,2016,24453
Poland,POL,2017,25074
Poland,POL,2018,23157
Poland,POL,2019,24253
Poland,POL,2020,24616
Poland,POL,2021,26949
Poland,POL,2022,22300
Poland,POL,2023,19963
Polynesia,OWID_PYA,1990,302
Polynesia,OWID_PYA,1991,311
Polynesia,OWID_PYA,1992,319
Polynesia,OWID_PYA,1993,326
Polynesia,OWID_PYA,1994,367
Polynesia,OWID_PYA,1995,367
Polynesia,OWID_PYA,1996,357
Polynesia,OWID_PYA,1997,370
Polynesia,OWID_PYA,1998,365
Polynesia,OWID_PYA,1999,364
Polynesia,OWID_PYA,2000,374
Polynesia,OWID_PYA,2001,387
Polynesia,OWID_PYA,2002,422
Polynesia,OWID_PYA,2003,423
Polynesia,OWID_PYA,2004,422
Polynesia,OWID_PYA,2005,412
Polynesia,OWID_PYA,2006,424
Polynesia,OWID_PYA,2007,429
Polynesia,OWID_PYA,2008,432
Polynesia,OWID_PYA,2009,417
Polynesia,OWID_PYA,2010,417
Polynesia,OWID_PYA,2011,422
Polynesia,OWID_PYA,2012,441
Polynesia,OWID_PYA,2013,472
Polynesia,OWID_PYA,2014,520
Polynesia,OWID_PYA,2015,540
Polynesia,OWID_PYA,2016,538
Polynesia,OWID_PYA,2017,538
Polynesia,OWID_PYA,2018,622
Polynesia,OWID_PYA,2019,649
Polynesia,OWID_PYA,2020,946
Polynesia,OWID_PYA,2021,1028
Polynesia,OWID_PYA,2022,1030
Polynesia,OWID_PYA,2023,590
Portugal,PRT,1990,9357
Portugal,PRT,1991,9357
Portugal,PRT,1992,6117
Portugal,PRT,1993,8985
Portugal,PRT,1994,9580
Portugal,PRT,1995,11815
Portugal,PRT,1996,12457
Portugal,PRT,1997,12750
Portugal,PRT,1998,14389
Portugal,PRT,1999,15411
Portugal,PRT,2000,15470
Portugal,PRT,2001,15503
Portugal,PRT,2002,17452
Portugal,PRT,2003,17030
Portugal,PRT,2004,16942
Portugal,PRT,2005,16353
Portugal,PRT,2006,15702
Portugal,PRT,2007,16682
Portugal,PRT,2008,17080
Portugal,PRT,2009,13985
Portugal,PRT,2010,13774
Portugal,PRT,2011,14024
Portugal,PRT,2012,12442
Portugal,PRT,2013,10123
Portugal,PRT,2014,12888
Portugal,PRT,2015,10003
Portugal,PRT,2016,9772
Portugal,PRT,2017,8103
Portugal,PRT,2018,8057
Portugal,PRT,2019,9866
Portugal,PRT,2020,9706
Portugal,PRT,2021,9583
Portugal,PRT,2022,9040
Portugal,PRT,2023,7857
Qatar,QAT,1990,253
Qatar,QAT,1991,270
Qatar,QAT,1992,325
Qatar,QAT,1993,322
Qatar,QAT,1994,336
Qatar,QAT,1995,341
Qatar,QAT,1996,397
Qatar,QAT,1997,454
Qatar,QAT,1998,470
Qatar,QAT,1999,446
Qatar,QAT,2000,342
Qatar,QAT,2001,319
Qatar,QAT,2002,360
Qatar,QAT,2003,415
Qatar,QAT,2004,525
Qatar,QAT,2005,833
Qatar,QAT,2006,1012
Qatar,QAT,2007,998
Qatar,QAT,2008,1375
Qatar,QAT,2009,2559
Qatar,QAT,2010,3185
Qatar,QAT,2011,2540
Qatar,QAT,2012,1290
Qatar,QAT,2013,826
Qatar,QAT,2014,824
Qatar,QAT,2015,893
Qatar,QAT,2016,781
Qatar,QAT,2017,872
Qatar,QAT,2018,798
Qatar,QAT,2019,843
Qatar,QAT,2020,946
Qatar,QAT,2021,1152
Qatar,QAT,2022,1126
Qatar,QAT,2023,1089
Romania,ROU,1990,25255
Romania,ROU,1991,19898
Romania,ROU,1992,15134
Romania,ROU,1993,24252
Romania,ROU,1994,21811
Romania,ROU,1995,20113
Romania,ROU,1996,17425
Romania,ROU,1997,15349
Romania,ROU,1998,13979
Romania,ROU,1999,11280
Romania,ROU,2000,9427
Romania,ROU,2001,7871
Romania,ROU,2002,7876
Romania,ROU,2003,6928
Romania,ROU,2004,6778
Romania,ROU,2005,7566
Romania,ROU,2006,6733
Romania,ROU,2007,6314
Romania,ROU,2008,7194
Romania,ROU,2009,6549
Romania,ROU,2010,7249
Romania,ROU,2011,11426
Romania,ROU,2012,11523
Romania,ROU,2013,10586
Romania,ROU,2014,10021
Romania,ROU,2015,11484
Romania,ROU,2016,10813
Romania,ROU,2017,11548
Romania,ROU,2018,11108
Romania,ROU,2019,9047
Romania,ROU,2020,8700
Romania,ROU,2021,8369
Romania,ROU,2022,7957
Romania,ROU,2023,9157
Russia,RUS,1992,25961
Russia,RUS,1993,25961
Russia,RUS,1994,25961
Russia,RUS,1995,25961
Russia,RUS,1996,25961
Russia,RUS,1997,25961
Russia,RUS,1998,27372
Russia,RUS,1999,28783
Russia,RUS,2000,30194
Russia,RUS,2001,31605
Russia,RUS,2002,33016
Russia,RUS,2003,34427
Russia,RUS,2004,35838
Russia,RUS,2005,37249
Russia,RUS,2006,38661
Russia,RUS,2007,40072
Russia,RUS,2008,41483
Russia,RUS,2009,42894
Russia,RUS,2010,44305
Russia,RUS,2011,45716
Russia,RUS,2012,47127
Russia,RUS,2013,48538
Russia,RUS,2014,49949
Russia,RUS,2015,51360
Russia,RUS,2016,71057
Russia,RUS,2017,79523
Russia,RUS,2018,74672
Russia,RUS,2019,77307
Russia,RUS,2020,90535
Russia,RUS,2021,97018
Russia,RUS,2022,97018
Russia,RUS,2023,97018
Rwanda,RWA,1990,157
Rwanda,RWA,1991,107
Rwanda,RWA,1992,97
Rwanda,RWA,1993,127
Rwanda,RWA,1994,158
Rwanda,RWA,1995,188
Rwanda,RWA,1996,219
Rwanda,RWA,1997,249
Rwanda,RWA,1998,157
Rwanda,RWA,1999,152
Rwanda,RWA,2000,147
Rwanda,RWA,2001,72
Rwanda,RWA,2002,106
Rwanda,RWA,2003,141
Rwanda,RWA,2004,160
Rwanda,RWA,2005,223
Rwanda,RWA,2006,289
Rwanda,RWA,2007,398
Rwanda,RWA,2008,322
Rwanda,RWA,2009,1188
Rwanda,RWA,2010,954
Rwanda,RWA,2011,182
Rwanda,RWA,2012,926
Rwanda,RWA,2013,1842
Rwanda,RWA,2014,2061
Rwanda,RWA,2015,2484
Rwanda,RWA,2016,2027
Rwanda,RWA,2017,2027
Rwanda,RWA,2018,2027
Rwanda,RWA,2019,2027
Rwanda,RWA,2020,2027
Rwanda,RWA,2021,2027
Rwanda,RWA,2022,2027
Rwanda,RWA,2023,2027
Saint Helena,SHN,1990,0
Saint Helena,SHN,1991,0
Saint Helena,SHN,1992,0
Saint Helena,SHN,1993,0
Saint Helena,SHN,1994,0
Saint Helena,SHN,1995,0
Saint Helena,SHN,1996,0
Saint Helena,SHN,1997,1
Saint Helena,SHN,1998,2
Saint Helena,SHN,1999,3
Saint Helena,SHN,2000,3
Saint Helena,SHN,2001,2
Saint Helena,SHN,2002,5
Saint Helena,SHN,2003,6
Saint Helena,SHN,2004,9
Saint Helena,SHN,2005,6
Saint Helena,SHN,2006,6
Saint Helena,SHN,2007,2
Saint Helena,SHN,2008,2
Saint Helena,SHN,2009,3
Saint Helena,SHN,2010,4
Saint Helena,SHN,2011,3
Saint Helena,SHN,2012,2
Saint Helena,SHN,2013,2
Saint Helena,SHN,2014,8
Saint Helena,SHN,2015,9
Saint Helena,SHN,2016,9
Saint Helena,SHN,2017,4
Saint Helena,SHN,2018,6
Saint Helena,SHN,2019,6
Saint Helena,SHN,2020,7
Saint Helena,SHN,2021,6
Saint Helena,SHN,2022,5
Saint Helena,SHN,2023,3
Saint Kitts and Nevis,KNA,1990,92
Saint Kitts and Nevis,KNA,1991,92
Saint Kitts and Nevis,KNA,1992,92
Saint Kitts and Nevis,KNA,1993,94
Saint Kitts and Nevis,KNA,1994,100
Saint Kitts and Nevis,KNA,1995,107
Saint Kitts and Nevis,KNA,1996,104
Saint Kitts and Nevis,KNA,1997,101
Saint Kitts and Nevis,KNA,1998,98
Saint Kitts and Nevis,KNA,1999,98
Saint Kitts and Nevis,KNA,2000,200
Saint Kitts and Nevis,KNA,2001,289
Saint Kitts and Nevis,KNA,2002,468
Saint Kitts and Nevis,KNA,2003,364
Saint Kitts and Nevis,KNA,2004,266
Saint Kitts and Nevis,KNA,2005,101
Saint Kitts and Nevis,KNA,2006,96
Saint Kitts and Nevis,KNA,2007,104
Saint Kitts and Nevis,KNA,2008,90
Saint Kitts and Nevis,KNA,2009,99
Saint Kitts and Nevis,KNA,2010,90
Saint Kitts and Nevis,KNA,2011,87
Saint Kitts and Nevis,KNA,2012,96
Saint Kitts and Nevis,KNA,2013,99
Saint Kitts and Nevis,KNA,2014,110
Saint Kitts and Nevis,KNA,2015,115
Saint Kitts and Nevis,KNA,2016,121
Saint Kitts and Nevis,KNA,2017,117
Saint Kitts and Nevis,KNA,2018,101
Saint Kitts and Nevis,KNA,2019,101
Saint Kitts and Nevis,KNA,2020,101
Saint Kitts and Nevis,KNA,2021,101
Saint Kitts and Nevis,KNA,2022,101
Saint Kitts and Nevis,KNA,2023,101
Saint Lucia,LCA,1990,671
Saint Lucia,LCA,1991,626
Saint Lucia,LCA,1992,558
Saint Lucia,LCA,1993,492
Saint Lucia,LCA,1994,436
Saint Lucia,LCA,1995,398
Saint Lucia,LCA,1996,355
Saint Lucia,LCA,1997,333
Saint Lucia,LCA,1998,289
Saint Lucia,LCA,1999,295
Saint Lucia,LCA,2000,262
Saint Lucia,LCA,2001,230
Saint Lucia,LCA,2002,249
Saint Lucia,LCA,2003,295
Saint Lucia,LCA,2004,325
Saint Lucia,LCA,2005,281
Saint Lucia,LCA,2006,211
Saint Lucia,LCA,2007,173
Saint Lucia,LCA,2008,174
Saint Lucia,LCA,2009,204
Saint Lucia,LCA,2010,215
Saint Lucia,LCA,2011,218
Saint Lucia,LCA,2012,212
Saint Lucia,LCA,2013,210
Saint Lucia,LCA,2014,236
Saint Lucia,LCA,2015,264
Saint Lucia,LCA,2016,257
Saint Lucia,LCA,2017,227
Saint Lucia,LCA,2018,204
Saint Lucia,LCA,2019,221
Saint Lucia,LCA,2020,242
Saint Lucia,LCA,2021,257
Saint Lucia,LCA,2022,264
Saint Lucia,LCA,2023,264
Saint Vincent and the Grenadines,VCT,1990,231
Saint Vincent and the Grenadines,VCT,1991,225
Saint Vincent and the Grenadines,VCT,1992,332
Saint Vincent and the Grenadines,VCT,1993,371
Saint Vincent and the Grenadines,VCT,1994,405
Saint Vincent and the Grenadines,VCT,1995,359
Saint Vincent and the Grenadines,VCT,1996,416
Saint Vincent and the Grenadines,VCT,1997,405
Saint Vincent and the Grenadines,VCT,1998,389
Saint Vincent and the Grenadines,VCT,1999,318
Saint Vincent and the Grenadines,VCT,2000,277
Saint Vincent and the Grenadines,VCT,2001,223
Saint Vincent and the Grenadines,VCT,2002,182
Saint Vincent and the Grenadines,VCT,2003,224
Saint Vincent and the Grenadines,VCT,2004,223
Saint Vincent and the Grenadines,VCT,2005,334
Saint Vincent and the Grenadines,VCT,2006,297
Saint Vincent and the Grenadines,VCT,2007,276
Saint Vincent and the Grenadines,VCT,2008,160
Saint Vincent and the Grenadines,VCT,2009,156
Saint Vincent and the Grenadines,VCT,2010,175
Saint Vincent and the Grenadines,VCT,2011,421
Saint Vincent and the Grenadines,VCT,2012,420
Saint Vincent and the Grenadines,VCT,2013,400
Saint Vincent and the Grenadines,VCT,2014,156
Saint Vincent and the Grenadines,VCT,2015,152
Saint Vincent and the Grenadines,VCT,2016,159
Saint Vincent and the Grenadines,VCT,2017,144
Saint Vincent and the Grenadines,VCT,2018,131
Saint Vincent and the Grenadines,VCT,2019,121
Saint Vincent and the Grenadines,VCT,2020,126
Saint Vincent and the Grenadines,VCT,2021,132
Saint Vincent and the Grenadines,VCT,2022,121
Saint Vincent and the Grenadines,VCT,2023,109
Samoa,WSM,1990,48
Samoa,WSM,1991,48
Samoa,WSM,1992,36
Samoa,WSM,1993,24
Samoa,WSM,1994,48
Samoa,WSM,1995,44
Samoa,WSM,1996,24
Samoa,WSM,1997,30
Samoa,WSM,1998,12
Samoa,WSM,1999,10
Samoa,WSM,2000,7
Samoa,WSM,2001,12
Samoa,WSM,2002,18
Samoa,WSM,2003,24
Samoa,WSM,2004,29
Samoa,WSM,2005,35
Samoa,WSM,2006,41
Samoa,WSM,2007,46
Samoa,WSM,2008,52
Samoa,WSM,2009,58
Samoa,WSM,2010,63
Samoa,WSM,2011,69
Samoa,WSM,2012,74
Samoa,WSM,2013,80
Samoa,WSM,2014,86
Samoa,WSM,2015,91
Samoa,WSM,2016,97
Samoa,WSM,2017,103
Samoa,WSM,2018,197
Samoa,WSM,2019,112
Samoa,WSM,2020,185
Samoa,WSM,2021,272
Samoa,WSM,2022,436
Samoa,WSM,2023,252
Sao Tome and Principe,STP,1990,7
Sao Tome and Principe,STP,1991,7
Sao Tome and Principe,STP,1992,7
Sao Tome and Principe,STP,1993,7
Sao Tome and Principe,STP,1994,7
Sao Tome and Principe,STP,1995,7
Sao Tome and Principe,STP,1996,7
Sao Tome and Principe,STP,1997,7
Sao Tome and Principe,STP,1998,7
Sao Tome and Principe,STP,1999,7
Sao Tome and Principe,STP,2000,5
Sao Tome and Principe,STP,2001,4
Sao Tome and Principe,STP,2002,4
Sao Tome and Principe,STP,2003,6
Sao Tome and Principe,STP,2004,5
Sao Tome and Principe,STP,2005,7
Sao Tome and Principe,STP,2006,6
Sao Tome and Principe,STP,2007,11
Sao Tome and Principe,STP,2008,13
Sao Tome and Principe,STP,2009,16
Sao Tome and Principe,STP,2010,19
Sao Tome and Principe,STP,2011,19
Sao Tome and Principe,STP,2012,23
Sao Tome and Principe,STP,2013,19
Sao Tome and Principe,STP,2014,19
Sao Tome and Principe,STP,2015,16
Sao Tome and Principe,STP,2016,18
Sao Tome and Principe,STP,2017,19
Sao Tome and Principe,STP,2018,19
Sao Tome and Principe,STP,2019,21
Sao Tome and Principe,STP,2020,25
Sao Tome and Principe,STP,2021,25
Sao Tome and Principe,STP,2022,22
Sao Tome and Principe,STP,2023,19
Saudi Arabia,SAU,1990,994
Saudi Arabia,SAU,1991,994
Saudi Arabia,SAU,1992,994
Saudi Arabia,SAU,1993,994
Saudi Arabia,SAU,1994,994
Saudi Arabia,SAU,1995,994
Saudi Arabia,SAU,1996,994
Saudi Arabia,SAU,1997,2513
Saudi Arabia,SAU,1998,2683
Saudi Arabia,SAU,1999,2854
Saudi Arabia,SAU,2000,3024
Saudi Arabia,SAU,2001,3194
Saudi Arabia,SAU,2002,3365
Saudi Arabia,SAU,2003,3535
Saudi Arabia,SAU,2004,3706
Saudi Arabia,SAU,2005,3876
Saudi Arabia,SAU,2006,4046
Saudi Arabia,SAU,2007,4217
Saudi Arabia,SAU,2008,4416
Saudi Arabia,SAU,2009,4615
Saudi Arabia,SAU,2010,4815
Saudi Arabia,SAU,2011,5014
Saudi Arabia,SAU,2012,5213
Saudi Arabia,SAU,2013,5413
Saudi Arabia,SAU,2014,6277
Saudi Arabia,SAU,2015,7141
Saudi Arabia,SAU,2016,8005
Saudi Arabia,SAU,2017,8869
Saudi Arabia,SAU,2018,9733
Saudi Arabia,SAU,2019,10597
Saudi Arabia,SAU,2020,7375
Saudi Arabia,SAU,2021,7126
Saudi Arabia,SAU,2022,6877
Saudi Arabia,SAU,2023,3213
Senegal,SEN,1990,384
Senegal,SEN,1991,384
Senegal,SEN,1992,384
Senegal,SEN,1993,358
Senegal,SEN,1994,547
Senegal,SEN,1995,435
Senegal,SEN,1996,411
Senegal,SEN,1997,437
Senegal,SEN,1998,451
Senegal,SEN,1999,471
Senegal,SEN,2000,491
Senegal,SEN,2001,282
Senegal,SEN,2002,328
Senegal,SEN,2003,374
Senegal,SEN,2004,420
Senegal,SEN,2005,466
Senegal,SEN,2006,512
Senegal,SEN,2007,558
Senegal,SEN,2008,604
Senegal,SEN,2009,650
Senegal,SEN,2010,696
Senegal,SEN,2011,742
Senegal,SEN,2012,788
Senegal,SEN,2013,723
Senegal,SEN,2014,610
Senegal,SEN,2015,709
Senegal,SEN,2016,831
Senegal,SEN,2017,163
Senegal,SEN,2018,301
Senegal,SEN,2019,438
Senegal,SEN,2020,576
Senegal,SEN,2021,576
Senegal,SEN,2022,576
Senegal,SEN,2023,576
Serbia,SRB,2006,2240
Serbia,SRB,2007,2405
Serbia,SRB,2008,2268
Serbia,SRB,2009,1943
Serbia,SRB,2010,1941
Serbia,SRB,2011,2567
Serbia,SRB,2012,3386
Serbia,SRB,2013,3648
Serbia,SRB,2014,3804
Serbia,SRB,2015,3257
Serbia,SRB,2016,2782
Serbia,SRB,2017,2311
Serbia,SRB,2018,2451
Serbia,SRB,2019,2594
Serbia,SRB,2020,2519
Serbia,SRB,2021,2267
Serbia,SRB,2022,2288
Serbia,SRB,2023,2249
Serbia and Montenegro,OWID_SRM,1992,1335
Serbia and Montenegro,OWID_SRM,1993,1822
Serbia and Montenegro,OWID_SRM,1994,1707
Serbia and Montenegro,OWID_SRM,1995,1475
Serbia and Montenegro,OWID_SRM,1996,1449
Serbia and Montenegro,OWID_SRM,1997,1364
Serbia and Montenegro,OWID_SRM,1998,1412
Serbia and Montenegro,OWID_SRM,1999,1338
Serbia and Montenegro,OWID_SRM,2000,1256
Serbia and Montenegro,OWID_SRM,2001,1329
Serbia and Montenegro,OWID_SRM,2002,1168
Serbia and Montenegro,OWID_SRM,2003,1029
Serbia and Montenegro,OWID_SRM,2004,1050
Serbia and Montenegro,OWID_SRM,2005,1050
Seychelles,SYC,1990,47
Seychelles,SYC,1991,49
Seychelles,SYC,1992,51
Seychelles,SYC,1993,68
Seychelles,SYC,1994,66
Seychelles,SYC,1995,108
Seychelles,SYC,1996,109
Seychelles,SYC,1997,123
Seychelles,SYC,1998,87
Seychelles,SYC,1999,73
Seychelles,SYC,2000,62
Seychelles,SYC,2001,55
Seychelles,SYC,2002,127
Seychelles,SYC,2003,123
Seychelles,SYC,2004,125
Seychelles,SYC,2005,68
Seychelles,SYC,2006,78
Seychelles,SYC,2007,133
Seychelles,SYC,2008,370
Seychelles,SYC,2009,531
Seychelles,SYC,2010,630
Seychelles,SYC,2011,440
Seychelles,SYC,2012,315
Seychelles,SYC,2013,158
Seychelles,SYC,2014,111
Seychelles,SYC,2015,85
Seychelles,SYC,2016,101
Seychelles,SYC,2017,98
Seychelles,SYC,2018,98
Seychelles,SYC,2019,104
Seychelles,SYC,2020,118
Seychelles,SYC,2021,121
Seychelles,SYC,2022,119
Seychelles,SYC,2023,110
Sierra Leone,SLE,1990,261
Sierra Leone,SLE,1991,261
Sierra Leone,SLE,1992,261
Sierra Leone,SLE,1993,261
Sierra Leone,SLE,1994,261
Sierra Leone,SLE,1995,261
Sierra Leone,SLE,1996,261
Sierra Leone,SLE,1997,261
Sierra Leone,SLE,1998,261
Sierra Leone,SLE,1999,261
Sierra Leone,SLE,2000,225
Sierra Leone,SLE,2001,153
Sierra Leone,SLE,2002,86
Sierra Leone,SLE,2003,59
Sierra Leone,SLE,2004,74
Sierra Leone,SLE,2005,88
Sierra Leone,SLE,2006,103
Sierra Leone,SLE,2007,117
Sierra Leone,SLE,2008,131
Sierra Leone,SLE,2009,146
Sierra Leone,SLE,2010,160
Sierra Leone,SLE,2011,175
Sierra Leone,SLE,2012,189
Sierra Leone,SLE,2013,204
Sierra Leone,SLE,2014,226
Sierra Leone,SLE,2015,342
Sierra Leone,SLE,2016,371
Sierra Leone,SLE,2017,406
Sierra Leone,SLE,2018,343
Sierra Leone,SLE,2019,361
Sierra Leone,SLE,2020,361
Sierra Leone,SLE,2021,361
Sierra Leone,SLE,2022,361
Sierra Leone,SLE,2023,361
Sint Maarten (Dutch part),SXM,2011,29
Sint Maarten (Dutch part),SXM,2012,26
Sint Maarten (Dutch part),SXM,2013,29
Sint Maarten (Dutch part),SXM,2014,32
Sint Maarten (Dutch part),SXM,2015,36
Sint Maarten (Dutch part),SXM,2016,35
Sint Maarten (Dutch part),SXM,2017,40
Sint Maarten (Dutch part),SXM,2018,49
Sint Maarten (Dutch part),SXM,2019,49
Sint Maarten (Dutch part),SXM,2020,49
Sint Maarten (Dutch part),SXM,2021,41
Sint Maarten (Dutch part),SXM,2022,46
Sint Maarten (Dutch part),SXM,2023,50
Slovakia,SVK,1993,3890
Slovakia,SVK,1994,4159
Slovakia,SVK,1995,6147
Slovakia,SVK,1996,3905
Slovakia,SVK,1997,3247
Slovakia,SVK,1998,3583
Slovakia,SVK,1999,2832
Slovakia,SVK,2000,1457
Slovakia,SVK,2001,1550
Slovakia,SVK,2002,1642
Slovakia,SVK,2003,1515
Slovakia,SVK,2004,1573
Slovakia,SVK,2005,1546
Slovakia,SVK,2006,1587
Slovakia,SVK,2007,1595
Slovakia,SVK,2008,1498
Slovakia,SVK,2009,1654
Slovakia,SVK,2010,1881
Slovakia,SVK,2011,1806
Slovakia,SVK,2012,2036
Slovakia,SVK,2013,1997
Slovakia,SVK,2014,2198
Slovakia,SVK,2015,2244
Slovakia,SVK,2016,2093
Slovakia,SVK,2017,2208
Slovakia,SVK,2018,2490
Slovakia,SVK,2019,2356
Slovakia,SVK,2020,2334
Slovakia,SVK,2021,2275
Slovakia,SVK,2022,1980
Slovakia,SVK,2023,1792
Slovenia,SVN,1992,1309
Slovenia,SVN,1993,1112
Slovenia,SVN,1994,944
Slovenia,SVN,1995,987
Slovenia,SVN,1996,953
Slovenia,SVN,1997,1245
Slovenia,SVN,1998,1091
Slovenia,SVN,1999,1135
Slovenia,SVN,2000,1468
Slovenia,SVN,2001,1387
Slovenia,SVN,2002,1164
Slovenia,SVN,2003,1361
Slovenia,SVN,2004,1558
Slovenia,SVN,2005,1384
Slovenia,SVN,2006,1281
Slovenia,SVN,2007,1155
Slovenia,SVN,2008,1218
Slovenia,SVN,2009,1163
Slovenia,SVN,2010,1134
Slovenia,SVN,2011,1122
Slovenia,SVN,2012,1016
Slovenia,SVN,2013,917
Slovenia,SVN,2014,1009
Slovenia,SVN,2015,1047
Slovenia,SVN,2016,1156
Slovenia,SVN,2017,1087
Slovenia,SVN,2018,1171
Slovenia,SVN,2019,973
Slovenia,SVN,2020,964
Slovenia,SVN,2021,907
Slovenia,SVN,2022,826
Slovenia,SVN,2023,695
Small Island Developing States (FAO),,1990,17972
Small Island Developing States (FAO),,1991,18341
Small Island Developing States (FAO),,1992,17896
Small Island Developing States (FAO),,1993,17862
Small Island Developing States (FAO),,1994,18013
Small Island Developing States (FAO),,1995,16796
Small Island Developing States (FAO),,1996,16817
Small Island Developing States (FAO),,1997,16298
Small Island Developing States (FAO),,1998,17232
Small Island Developing States (FAO),,1999,17289
Small Island Developing States (FAO),,2000,17308
Small Island Developing States (FAO),,2001,20017
Small Island Developing States (FAO),,2002,16706
Small Island Developing States (FAO),,2003,13579
Small Island Developing States (FAO),,2004,16157
Small Island Developing States (FAO),,2005,16224
Small Island Developing States (FAO),,2006,16581
Small Island Developing States (FAO),,2007,18157
Small Island Developing States (FAO),,2008,18647
Small Island Developing States (FAO),,2009,19354
Small Island Developing States (FAO),,2010,19775
Small Island Developing States (FAO),,2011,21192
Small Island Developing States (FAO),,2012,21278
Small Island Developing States (FAO),,2013,21583
Small Island Developing States (FAO),,2014,21164
Small Island Developing States (FAO),,2015,20331
Small Island Developing States (FAO),,2016,21446
Small Island Developing States (FAO),,2017,22239
Small Island Developing States (FAO),,2018,22112
Small Island Developing States (FAO),,2019,19312
Small Island Developing States (FAO),,2020,18941
Small Island Developing States (FAO),,2021,16969
Small Island Developing States (FAO),,2022,18041
Small Island Developing States (FAO),,2023,17553
Solomon Islands,SLB,1990,58
Solomon Islands,SLB,1991,58
Solomon Islands,SLB,1992,58
Solomon Islands,SLB,1993,58
Solomon Islands,SLB,1994,58
Solomon Islands,SLB,1995,58
Solomon Islands,SLB,1996,55
Solomon Islands,SLB,1997,50
Solomon Islands,SLB,1998,41
Solomon Islands,SLB,1999,33
Solomon Islands,SLB,2000,24
Solomon Islands,SLB,2001,16
Solomon Islands,SLB,2002,14
Solomon Islands,SLB,2003,20
Solomon Islands,SLB,2004,27
Solomon Islands,SLB,2005,32
Solomon Islands,SLB,2006,34
Solomon Islands,SLB,2007,41
Solomon Islands,SLB,2008,36
Solomon Islands,SLB,2009,45
Solomon Islands,SLB,2010,54
Solomon Islands,SLB,2011,66
Solomon Islands,SLB,2012,72
Solomon Islands,SLB,2013,72
Solomon Islands,SLB,2014,64
Solomon Islands,SLB,2015,60
Solomon Islands,SLB,2016,63
Solomon Islands,SLB,2017,65
Solomon Islands,SLB,2018,55
Solomon Islands,SLB,2019,40
Solomon Islands,SLB,2020,40
Solomon Islands,SLB,2021,40
Solomon Islands,SLB,2022,40
Solomon Islands,SLB,2023,40
Somalia,SOM,1990,35
Somalia,SOM,1991,24
Somalia,SOM,1992,19
Somalia,SOM,1993,23
Somalia,SOM,1994,43
Somalia,SOM,1995,31
Somalia,SOM,1996,24
Somalia,SOM,1997,3
Somalia,SOM,1998,1
Somalia,SOM,1999,15
Somalia,SOM,2000,21
Somalia,SOM,2001,34
Somalia,SOM,2002,25
Somalia,SOM,2003,39
Somalia,SOM,2004,74
Somalia,SOM,2005,92
Somalia,SOM,2006,124
Somalia,SOM,2007,118
Somalia,SOM,2008,136
Somalia,SOM,2009,123
Somalia,SOM,2010,126
Somalia,SOM,2011,175
Somalia,SOM,2012,251
Somalia,SOM,2013,330
Somalia,SOM,2014,373
Somalia,SOM,2015,356
Somalia,SOM,2016,299
Somalia,SOM,2017,316
Somalia,SOM,2018,443
Somalia,SOM,2019,617
Somalia,SOM,2020,722
Somalia,SOM,2021,747
Somalia,SOM,2022,747
Somalia,SOM,2023,747
South Africa,ZAF,1990,16582
South Africa,ZAF,1991,16582
South Africa,ZAF,1992,16582
South Africa,ZAF,1993,16582
South Africa,ZAF,1994,16582
South Africa,ZAF,1995,18025
South Africa,ZAF,1996,19508
South Africa,ZAF,1997,21596
South Africa,ZAF,1998,24304
South Africa,ZAF,1999,26099
South Africa,ZAF,2000,26857
South Africa,ZAF,2001,25800
South Africa,ZAF,2002,27247
South Africa,ZAF,2003,27370
South Africa,ZAF,2004,27992
South Africa,ZAF,2005,29697
South Africa,ZAF,2006,28718
South Africa,ZAF,2007,29468
South Africa,ZAF,2008,33073
South Africa,ZAF,2009,32609
South Africa,ZAF,2010,33599
South Africa,ZAF,2011,33334
South Africa,ZAF,2012,34395
South Africa,ZAF,2013,36324
South Africa,ZAF,2014,38387
South Africa,ZAF,2015,37740
South Africa,ZAF,2016,35862
South Africa,ZAF,2017,39492
South Africa,ZAF,2018,39024
South Africa,ZAF,2019,39144
South Africa,ZAF,2020,41643
South Africa,ZAF,2021,42620
South Africa,ZAF,2022,42244
South Africa,ZAF,2023,42041
South America (FAO),,1990,112422
South America (FAO),,1991,118345
South America (FAO),,1992,126060
South America (FAO),,1993,136566
South America (FAO),,1994,155761
South America (FAO),,1995,178484
South America (FAO),,1996,206489
South America (FAO),,1997,244743
South America (FAO),,1998,294717
South America (FAO),,1999,304892
South America (FAO),,2000,341385
South America (FAO),,2001,371865
South America (FAO),,2002,371949
South America (FAO),,2003,457754
South America (FAO),,2004,521918
South America (FAO),,2005,554430
South America (FAO),,2006,544332
South America (FAO),,2007,643000
South America (FAO),,2008,638586
South America (FAO),,2009,598759
South America (FAO),,2010,743524
South America (FAO),,2011,772498
South America (FAO),,2012,814239
South America (FAO),,2013,826718
South America (FAO),,2014,878256
South America (FAO),,2015,852290
South America (FAO),,2016,860781
South America (FAO),,2017,871023
South America (FAO),,2018,878560
South America (FAO),,2019,1011621
South America (FAO),,2020,1080543
South America (FAO),,2021,1178282
South America (FAO),,2022,1258891
South America (FAO),,2023,1203314
South Korea,KOR,1990,25082
South Korea,KOR,1991,27476
South Korea,KOR,1992,26718
South Korea,KOR,1993,25999
South Korea,KOR,1994,25922
South Korea,KOR,1995,25845
South Korea,KOR,1996,24620
South Korea,KOR,1997,24819
South Korea,KOR,1998,22103
South Korea,KOR,1999,25837
South Korea,KOR,2000,25684
South Korea,KOR,2001,28218
South Korea,KOR,2002,25844
South Korea,KOR,2003,24610
South Korea,KOR,2004,25323
South Korea,KOR,2005,24506
South Korea,KOR,2006,24076
South Korea,KOR,2007,24262
South Korea,KOR,2008,25368
South Korea,KOR,2009,22790
South Korea,KOR,2010,20431
South Korea,KOR,2011,19131
South Korea,KOR,2012,17438
South Korea,KOR,2013,18708
South Korea,KOR,2014,19788
South Korea,KOR,2015,19482
South Korea,KOR,2016,19798
South Korea,KOR,2017,20043
South Korea,KOR,2018,18716
South Korea,KOR,2019,16745
South Korea,KOR,2020,17132
South Korea,KOR,2021,19014
South Korea,KOR,2022,19882
South Korea,KOR,2023,20402
South-eastern Asia (FAO),,1990,192688
South-eastern Asia (FAO),,1991,195253
South-eastern Asia (FAO),,1992,205128
South-eastern Asia (FAO),,1993,209910
South-eastern Asia (FAO),,1994,212664
South-eastern Asia (FAO),,1995,232221
South-eastern Asia (FAO),,1996,243466
South-eastern Asia (FAO),,1997,238575
South-eastern Asia (FAO),,1998,221285
South-eastern Asia (FAO),,1999,224951
South-eastern Asia (FAO),,2000,228338
South-eastern Asia (FAO),,2001,245643
South-eastern Asia (FAO),,2002,270026
South-eastern Asia (FAO),,2003,297965
South-eastern Asia (FAO),,2004,326997
South-eastern Asia (FAO),,2005,317063
South-eastern Asia (FAO),,2006,331426
South-eastern Asia (FAO),,2007,405724
South-eastern Asia (FAO),,2008,453719
South-eastern Asia (FAO),,2009,458794
South-eastern Asia (FAO),,2010,525955
South-eastern Asia (FAO),,2011,430860
South-eastern Asia (FAO),,2012,478754
South-eastern Asia (FAO),,2013,496854
South-eastern Asia (FAO),,2014,458465
South-eastern Asia (FAO),,2015,541252
South-eastern Asia (FAO),,2016,589340
South-eastern Asia (FAO),,2017,490656
South-eastern Asia (FAO),,2018,524423
South-eastern Asia (FAO),,2019,539571
South-eastern Asia (FAO),,2020,419784
South-eastern Asia (FAO),,2021,553670
South-eastern Asia (FAO),,2022,556794
South-eastern Asia (FAO),,2023,559459
Southern Africa (FAO),,1990,18254
Southern Africa (FAO),,1991,18234
Southern Africa (FAO),,1992,18216
Southern Africa (FAO),,1993,18160
Southern Africa (FAO),,1994,18112
Southern Africa (FAO),,1995,19517
Southern Africa (FAO),,1996,21005
Southern Africa (FAO),,1997,23060
Southern Africa (FAO),,1998,25790
Southern Africa (FAO),,1999,27529
Southern Africa (FAO),,2000,29111
Southern Africa (FAO),,2001,28044
Southern Africa (FAO),,2002,29726
Southern Africa (FAO),,2003,29138
Southern Africa (FAO),,2004,29883
Southern Africa (FAO),,2005,31486
Southern Africa (FAO),,2006,30399
Southern Africa (FAO),,2007,30839
Southern Africa (FAO),,2008,34298
Southern Africa (FAO),,2009,33783
Southern Africa (FAO),,2010,35140
Southern Africa (FAO),,2011,34941
Southern Africa (FAO),,2012,36071
Southern Africa (FAO),,2013,38068
Southern Africa (FAO),,2014,40220
Southern Africa (FAO),,2015,39924
Southern Africa (FAO),,2016,38161
Southern Africa (FAO),,2017,42245
Southern Africa (FAO),,2018,41845
Southern Africa (FAO),,2019,42310
Southern Africa (FAO),,2020,45306
Southern Africa (FAO),,2021,46691
Southern Africa (FAO),,2022,46602
Southern Africa (FAO),,2023,46263
Southern Asia (FAO),,1990,105063
Southern Asia (FAO),,1991,107760
Southern Asia (FAO),,1992,102653
Southern Asia (FAO),,1993,95467
Southern Asia (FAO),,1994,91738
Southern Asia (FAO),,1995,90047
Southern Asia (FAO),,1996,81642
Southern Asia (FAO),,1997,78940
Southern Asia (FAO),,1998,77932
Southern Asia (FAO),,1999,78572
Southern Asia (FAO),,2000,86110
Southern Asia (FAO),,2001,84671
Southern Asia (FAO),,2002,84886
Southern Asia (FAO),,2003,85471
Southern Asia (FAO),,2004,80779
Southern Asia (FAO),,2005,79929
Southern Asia (FAO),,2006,83805
Southern Asia (FAO),,2007,72879
Southern Asia (FAO),,2008,58188
Southern Asia (FAO),,2009,74663
Southern Asia (FAO),,2010,86292
Southern Asia (FAO),,2011,88034
Southern Asia (FAO),,2012,88751
Southern Asia (FAO),,2013,90410
Southern Asia (FAO),,2014,90840
Southern Asia (FAO),,2015,90100
Southern Asia (FAO),,2016,91115
Southern Asia (FAO),,2017,91550
Southern Asia (FAO),,2018,91746
Southern Asia (FAO),,2019,90070
Southern Asia (FAO),,2020,91949
Southern Asia (FAO),,2021,92265
Southern Asia (FAO),,2022,92043
Southern Asia (FAO),,2023,91746
Southern Europe (FAO),,1990,159974
Southern Europe (FAO),,1991,148161
Southern Europe (FAO),,1992,142711
Southern Europe (FAO),,1993,145464
Southern Europe (FAO),,1994,137498
Southern Europe (FAO),,1995,139638
Southern Europe (FAO),,1996,136344
Southern Europe (FAO),,1997,149723
Southern Europe (FAO),,1998,152967
Southern Europe (FAO),,1999,148602
Southern Europe (FAO),,2000,148587
Southern Europe (FAO),,2001,146026
Southern Europe (FAO),,2002,172875
Southern Europe (FAO),,2003,164637
Southern Europe (FAO),,2004,169156
Southern Europe (FAO),,2005,163422
Southern Europe (FAO),,2006,146059
Southern Europe (FAO),,2007,152262
Southern Europe (FAO),,2008,151328
Southern Europe (FAO),,2009,134758
Southern Europe (FAO),,2010,137733
Southern Europe (FAO),,2011,171869
Southern Europe (FAO),,2012,152707
Southern Europe (FAO),,2013,157414
Southern Europe (FAO),,2014,164765
Southern Europe (FAO),,2015,164188
Southern Europe (FAO),,2016,160720
Southern Europe (FAO),,2017,150076
Southern Europe (FAO),,2018,161310
Southern Europe (FAO),,2019,147567
Southern Europe (FAO),,2020,154950
Southern Europe (FAO),,2021,148764
Southern Europe (FAO),,2022,121669
Southern Europe (FAO),,2023,112086
Spain,ESP,1990,39562
Spain,ESP,1991,39147
Spain,ESP,1992,31839
Spain,ESP,1993,29408
Spain,ESP,1994,31244
Spain,ESP,1995,27852
Spain,ESP,1996,33236
Spain,ESP,1997,34023
Spain,ESP,1998,35070
Spain,ESP,1999,33614
Spain,ESP,2000,34597
Spain,ESP,2001,35700
Spain,ESP,2002,40727
Spain,ESP,2003,41586
Spain,ESP,2004,47445
Spain,ESP,2005,41017
Spain,ESP,2006,39767
Spain,ESP,2007,39286
Spain,ESP,2008,40719
Spain,ESP,2009,35199
Spain,ESP,2010,39043
Spain,ESP,2011,73112
Spain,ESP,2012,63491
Spain,ESP,2013,71448
Spain,ESP,2014,78818
Spain,ESP,2015,77217
Spain,ESP,2016,76941
Spain,ESP,2017,71987
Spain,ESP,2018,73121
Spain,ESP,2019,75190
Spain,ESP,2020,75775
Spain,ESP,2021,76174
Spain,ESP,2022,56353
Spain,ESP,2023,52907
Sri Lanka,LKA,1990,1571
Sri Lanka,LKA,1991,1409
Sri Lanka,LKA,1992,2144
Sri Lanka,LKA,1993,1753
Sri Lanka,LKA,1994,1861
Sri Lanka,LKA,1995,1736
Sri Lanka,LKA,1996,1654
Sri Lanka,LKA,1997,1622
Sri Lanka,LKA,1998,1532
Sri Lanka,LKA,1999,1767
Sri Lanka,LKA,2000,1696
Sri Lanka,LKA,2001,1705
Sri Lanka,LKA,2002,1714
Sri Lanka,LKA,2003,1724
Sri Lanka,LKA,2004,1733
Sri Lanka,LKA,2005,1742
Sri Lanka,LKA,2006,1752
Sri Lanka,LKA,2007,1440
Sri Lanka,LKA,2008,1152
Sri Lanka,LKA,2009,1170
Sri Lanka,LKA,2010,1451
Sri Lanka,LKA,2011,1290
Sri Lanka,LKA,2012,1113
Sri Lanka,LKA,2013,1235
Sri Lanka,LKA,2014,933
Sri Lanka,LKA,2015,2540
Sri Lanka,LKA,2016,1925
Sri Lanka,LKA,2017,1266
Sri Lanka,LKA,2018,2261
Sri Lanka,LKA,2019,1526
Sri Lanka,LKA,2020,2573
Sri Lanka,LKA,2021,2778
Sri Lanka,LKA,2022,2140
Sri Lanka,LKA,2023,1799
Sudan,SDN,2012,2469
Sudan,SDN,2013,2666
Sudan,SDN,2014,2862
Sudan,SDN,2015,3058
Sudan,SDN,2016,3254
Sudan,SDN,2017,2380
Sudan,SDN,2018,5487
Sudan,SDN,2019,4083
Sudan,SDN,2020,4083
Sudan,SDN,2021,4083
Sudan,SDN,2022,4083
Sudan,SDN,2023,4083
Sudan (former),OWID_SDN,1990,1643
Sudan (former),OWID_SDN,1991,1643
Sudan (former),OWID_SDN,1992,1643
Sudan (former),OWID_SDN,1993,484
Sudan (former),OWID_SDN,1994,1015
Sudan (former),OWID_SDN,1995,1303
Sudan (former),OWID_SDN,1996,1373
Sudan (former),OWID_SDN,1997,1223
Sudan (former),OWID_SDN,1998,904
Sudan (former),OWID_SDN,1999,585
Sudan (former),OWID_SDN,2000,266
Sudan (former),OWID_SDN,2001,518
Sudan (former),OWID_SDN,2002,769
Sudan (former),OWID_SDN,2003,1021
Sudan (former),OWID_SDN,2004,1273
Sudan (former),OWID_SDN,2005,1524
Sudan (former),OWID_SDN,2006,1269
Sudan (former),OWID_SDN,2007,1055
Sudan (former),OWID_SDN,2008,1352
Sudan (former),OWID_SDN,2009,2426
Sudan (former),OWID_SDN,2010,2862
Sudan (former),OWID_SDN,2011,2862
Suriname,SUR,1990,217
Suriname,SUR,1991,207
Suriname,SUR,1992,198
Suriname,SUR,1993,188
Suriname,SUR,1994,179
Suriname,SUR,1995,169
Suriname,SUR,1996,142
Suriname,SUR,1997,139
Suriname,SUR,1998,151
Suriname,SUR,1999,164
Suriname,SUR,2000,176
Suriname,SUR,2001,273
Suriname,SUR,2002,370
Suriname,SUR,2003,431
Suriname,SUR,2004,358
Suriname,SUR,2005,402
Suriname,SUR,2006,371
Suriname,SUR,2007,398
Suriname,SUR,2008,501
Suriname,SUR,2009,616
Suriname,SUR,2010,478
Suriname,SUR,2011,936
Suriname,SUR,2012,634
Suriname,SUR,2013,537
Suriname,SUR,2014,623
Suriname,SUR,2015,978
Suriname,SUR,2016,617
Suriname,SUR,2017,651
Suriname,SUR,2018,789
Suriname,SUR,2019,378
Suriname,SUR,2020,907
Suriname,SUR,2021,992
Suriname,SUR,2022,2149
Suriname,SUR,2023,2149
Sweden,SWE,1990,2310
Sweden,SWE,1991,1841
Sweden,SWE,1992,1497
Sweden,SWE,1993,1466
Sweden,SWE,1994,1962
Sweden,SWE,1995,1225
Sweden,SWE,1996,1529
Sweden,SWE,1997,1534
Sweden,SWE,1998,1555
Sweden,SWE,1999,1602
Sweden,SWE,2000,1721
Sweden,SWE,2001,1789
Sweden,SWE,2002,2198
Sweden,SWE,2003,2549
Sweden,SWE,2004,1353
Sweden,SWE,2005,2132
Sweden,SWE,2006,2220
Sweden,SWE,2007,2157
Sweden,SWE,2008,2352
Sweden,SWE,2009,1935
Sweden,SWE,2010,1982
Sweden,SWE,2011,2416
Sweden,SWE,2012,2381
Sweden,SWE,2013,2178
Sweden,SWE,2014,2493
Sweden,SWE,2015,2321
Sweden,SWE,2016,1956
Sweden,SWE,2017,2061
Sweden,SWE,2018,1871
Sweden,SWE,2019,1801
Sweden,SWE,2020,2047
Sweden,SWE,2021,2138
Sweden,SWE,2022,2338
Sweden,SWE,2023,2033
Switzerland,CHE,1990,2282
Switzerland,CHE,1991,2056
Switzerland,CHE,1992,2019
Switzerland,CHE,1993,1935
Switzerland,CHE,1994,1923
Switzerland,CHE,1995,1826
Switzerland,CHE,1996,1746
Switzerland,CHE,1997,1644
Switzerland,CHE,1998,1564
Switzerland,CHE,1999,1527
Switzerland,CHE,2000,1577
Switzerland,CHE,2001,1562
Switzerland,CHE,2002,1527
Switzerland,CHE,2003,1477
Switzerland,CHE,2004,1391
Switzerland,CHE,2005,1388
Switzerland,CHE,2006,1359
Switzerland,CHE,2007,2099
Switzerland,CHE,2008,2237
Switzerland,CHE,2009,2224
Switzerland,CHE,2010,2148
Switzerland,CHE,2011,2274
Switzerland,CHE,2012,2221
Switzerland,CHE,2013,2277
Switzerland,CHE,2014,2233
Switzerland,CHE,2015,2207
Switzerland,CHE,2016,2140
Switzerland,CHE,2017,2007
Switzerland,CHE,2018,2020
Switzerland,CHE,2019,1921
Switzerland,CHE,2020,1885
Switzerland,CHE,2021,2220
Switzerland,CHE,2022,2166
Switzerland,CHE,2023,1531
Syria,SYR,1990,845
Syria,SYR,1991,1090
Syria,SYR,1992,1158
Syria,SYR,1993,1516
Syria,SYR,1994,1326
Syria,SYR,1995,1245
Syria,SYR,1996,1065
Syria,SYR,1997,1538
Syria,SYR,1998,1731
Syria,SYR,1999,1700
Syria,SYR,2000,1107
Syria,SYR,2001,987
Syria,SYR,2002,1100
Syria,SYR,2003,1429
Syria,SYR,2004,1598
Syria,SYR,2005,1579
Syria,SYR,2006,1475
Syria,SYR,2007,1309
Syria,SYR,2008,1211
Syria,SYR,2009,1401
Syria,SYR,2010,1614
Syria,SYR,2011,1897
Syria,SYR,2012,1897
Syria,SYR,2013,1897
Syria,SYR,2014,1897
Syria,SYR,2015,1897
Syria,SYR,2016,1897
Syria,SYR,2017,1897
Syria,SYR,2018,1897
Syria,SYR,2019,1897
Syria,SYR,2020,1897
Syria,SYR,2021,1897
Syria,SYR,2022,1897
Syria,SYR,2023,1897
Taiwan,TWN,1990,9954
Taiwan,TWN,1991,9954
Taiwan,TWN,1992,9954
Taiwan,TWN,1993,9954
Taiwan,TWN,1994,9954
Taiwan,TWN,1995,9954
Taiwan,TWN,1996,9954
Taiwan,TWN,1997,9364
Taiwan,TWN,1998,8931
Taiwan,TWN,1999,11441
Taiwan,TWN,2000,9007
Taiwan,TWN,2001,8476
Taiwan,TWN,2002,10547
Taiwan,TWN,2003,10143
Taiwan,TWN,2004,9703
Taiwan,TWN,2005,9228
Taiwan,TWN,2006,9014
Taiwan,TWN,2007,9492
Taiwan,TWN,2008,8780
Taiwan,TWN,2009,8589
Taiwan,TWN,2010,7850
Taiwan,TWN,2011,8254
Taiwan,TWN,2012,9396
Taiwan,TWN,2013,9632
Taiwan,TWN,2014,8619
Taiwan,TWN,2015,9296
Taiwan,TWN,2016,9504
Taiwan,TWN,2017,10549
Taiwan,TWN,2018,10549
Taiwan,TWN,2019,10549
Taiwan,TWN,2020,10549
Taiwan,TWN,2021,10549
Taiwan,TWN,2022,10549
Taiwan,TWN,2023,10549
Tajikistan,TJK,1992,130
Tajikistan,TJK,1993,130
Tajikistan,TJK,1994,130
Tajikistan,TJK,1995,130
Tajikistan,TJK,1996,130
Tajikistan,TJK,1997,130
Tajikistan,TJK,1998,130
Tajikistan,TJK,1999,130
Tajikistan,TJK,2000,130
Tajikistan,TJK,2001,130
Tajikistan,TJK,2002,129
Tajikistan,TJK,2003,129
Tajikistan,TJK,2004,129
Tajikistan,TJK,2005,128
Tajikistan,TJK,2006,128
Tajikistan,TJK,2007,128
Tajikistan,TJK,2008,127
Tajikistan,TJK,2009,127
Tajikistan,TJK,2010,126
Tajikistan,TJK,2011,126
Tajikistan,TJK,2012,126
Tajikistan,TJK,2013,125
Tajikistan,TJK,2014,125
Tajikistan,TJK,2015,125
Tajikistan,TJK,2016,147
Tajikistan,TJK,2017,309
Tajikistan,TJK,2018,386
Tajikistan,TJK,2019,469
Tajikistan,TJK,2020,439
Tajikistan,TJK,2021,570
Tajikistan,TJK,2022,630
Tajikistan,TJK,2023,684
Tanzania,TZA,1990,20
Tanzania,TZA,1991,20
Tanzania,TZA,1992,20
Tanzania,TZA,1993,20
Tanzania,TZA,1994,715
Tanzania,TZA,1995,557
Tanzania,TZA,1996,7
Tanzania,TZA,1997,49
Tanzania,TZA,1998,1
Tanzania,TZA,1999,1
Tanzania,TZA,2000,1
Tanzania,TZA,2001,1
Tanzania,TZA,2002,1
Tanzania,TZA,2003,1
Tanzania,TZA,2004,1
Tanzania,TZA,2005,1
Tanzania,TZA,2006,1
Tanzania,TZA,2007,1
Tanzania,TZA,2008,1
Tanzania,TZA,2009,1
Tanzania,TZA,2010,1
Tanzania,TZA,2011,1
Tanzania,TZA,2012,1
Tanzania,TZA,2013,1
Tanzania,TZA,2014,1
Tanzania,TZA,2015,1
Tanzania,TZA,2016,1
Tanzania,TZA,2017,1
Tanzania,TZA,2018,1
Tanzania,TZA,2019,1
Tanzania,TZA,2020,1
Tanzania,TZA,2021,1
Tanzania,TZA,2022,1
Tanzania,TZA,2023,1
Thailand,THA,1990,18849
Thailand,THA,1991,18849
Thailand,THA,1992,18849
Thailand,THA,1993,18849
Thailand,THA,1994,20448
Thailand,THA,1995,24062
Thailand,THA,1996,23622
Thailand,THA,1997,23960
Thailand,THA,1998,19212
Thailand,THA,1999,22761
Thailand,THA,2000,20334
Thailand,THA,2001,30630
Thailand,THA,2002,40925
Thailand,THA,2003,51221
Thailand,THA,2004,65627
Thailand,THA,2005,43831
Thailand,THA,2006,41220
Thailand,THA,2007,66858
Thailand,THA,2008,65423
Thailand,THA,2009,67933
Thailand,THA,2010,68986
Thailand,THA,2011,87191
Thailand,THA,2012,69921
Thailand,THA,2013,8136
Thailand,THA,2014,21800
Thailand,THA,2015,26168
Thailand,THA,2016,30535
Thailand,THA,2017,34037
Thailand,THA,2018,34777
Thailand,THA,2019,28074
Thailand,THA,2020,19007
Thailand,THA,2021,8745
Thailand,THA,2022,5806
Thailand,THA,2023,3273
Togo,TGO,1990,324
Togo,TGO,1991,213
Togo,TGO,1992,192
Togo,TGO,1993,206
Togo,TGO,1994,203
Togo,TGO,1995,200
Togo,TGO,1996,197
Togo,TGO,1997,228
Togo,TGO,1998,259
Togo,TGO,1999,290
Togo,TGO,2000,321
Togo,TGO,2001,352
Togo,TGO,2002,383
Togo,TGO,2003,414
Togo,TGO,2004,585
Togo,TGO,2005,203
Togo,TGO,2006,269
Togo,TGO,2007,262
Togo,TGO,2008,230
Togo,TGO,2009,172
Togo,TGO,2010,242
Togo,TGO,2011,146
Togo,TGO,2012,341
Togo,TGO,2013,372
Togo,TGO,2014,813
Togo,TGO,2015,1118
Togo,TGO,2016,1246
Togo,TGO,2017,1263
Togo,TGO,2018,1356
Togo,TGO,2019,1425
Togo,TGO,2020,1425
Togo,TGO,2021,1425
Togo,TGO,2022,1425
Togo,TGO,2023,1425
Tokelau,TKL,1990,4
Tokelau,TKL,1991,4
Tokelau,TKL,1992,4
Tokelau,TKL,1993,4
Tokelau,TKL,1994,4
Tokelau,TKL,1995,4
Tokelau,TKL,1996,4
Tokelau,TKL,1997,4
Tokelau,TKL,1998,4
Tokelau,TKL,1999,4
Tokelau,TKL,2000,4
Tokelau,TKL,2001,3
Tokelau,TKL,2002,7
Tokelau,TKL,2003,8
Tokelau,TKL,2004,8
Tokelau,TKL,2005,6
Tokelau,TKL,2006,5
Tokelau,TKL,2007,4
Tokelau,TKL,2008,2
Tokelau,TKL,2009,1
Tokelau,TKL,2010,2
Tokelau,TKL,2011,3
Tokelau,TKL,2012,4
Tokelau,TKL,2013,5
Tokelau,TKL,2014,6
Tokelau,TKL,2015,8
Tokelau,TKL,2016,9
Tokelau,TKL,2017,9
Tokelau,TKL,2018,6
Tokelau,TKL,2019,14
Tokelau,TKL,2020,37
Tokelau,TKL,2021,37
Tokelau,TKL,2022,25
Tokelau,TKL,2023,1
Tonga,TON,1990,11
Tonga,TON,1991,11
Tonga,TON,1992,11
Tonga,TON,1993,11
Tonga,TON,1994,11
Tonga,TON,1995,11
Tonga,TON,1996,11
Tonga,TON,1997,11
Tonga,TON,1998,11
Tonga,TON,1999,11
Tonga,TON,2000,11
Tonga,TON,2001,11
Tonga,TON,2002,11
Tonga,TON,2003,11
Tonga,TON,2004,11
Tonga,TON,2005,11
Tonga,TON,2006,11
Tonga,TON,2007,11
Tonga,TON,2008,11
Tonga,TON,2009,11
Tonga,TON,2010,11
Tonga,TON,2011,11
Tonga,TON,2012,11
Tonga,TON,2013,11
Tonga,TON,2014,15
Tonga,TON,2015,12
Tonga,TON,2016,9
Tonga,TON,2017,24
Tonga,TON,2018,22
Tonga,TON,2019,22
Tonga,TON,2020,21
Tonga,TON,2021,21
Tonga,TON,2022,20
Tonga,TON,2023,20
Trinidad and Tobago,TTO,1990,336
Trinidad and Tobago,TTO,1991,387
Trinidad and Tobago,TTO,1992,385
Trinidad and Tobago,TTO,1993,314
Trinidad and Tobago,TTO,1994,298
Trinidad and Tobago,TTO,1995,284
Trinidad and Tobago,TTO,1996,269
Trinidad and Tobago,TTO,1997,253
Trinidad and Tobago,TTO,1998,239
Trinidad and Tobago,TTO,1999,225
Trinidad and Tobago,TTO,2000,212
Trinidad and Tobago,TTO,2001,195
Trinidad and Tobago,TTO,2002,181
Trinidad and Tobago,TTO,2003,167
Trinidad and Tobago,TTO,2004,150
Trinidad and Tobago,TTO,2005,136
Trinidad and Tobago,TTO,2006,122
Trinidad and Tobago,TTO,2007,108
Trinidad and Tobago,TTO,2008,93
Trinidad and Tobago,TTO,2009,80
Trinidad and Tobago,TTO,2010,126
Trinidad and Tobago,TTO,2011,172
Trinidad and Tobago,TTO,2012,516
Trinidad and Tobago,TTO,2013,859
Trinidad and Tobago,TTO,2014,1173
Trinidad and Tobago,TTO,2015,1173
Trinidad and Tobago,TTO,2016,1173
Trinidad and Tobago,TTO,2017,1173
Trinidad and Tobago,TTO,2018,1173
Trinidad and Tobago,TTO,2019,1173
Trinidad and Tobago,TTO,2020,1173
Trinidad and Tobago,TTO,2021,1173
Trinidad and Tobago,TTO,2022,1173
Trinidad and Tobago,TTO,2023,1173
Tunisia,TUN,1990,909
Tunisia,TUN,1991,909
Tunisia,TUN,1992,909
Tunisia,TUN,1993,909
Tunisia,TUN,1994,909
Tunisia,TUN,1995,909
Tunisia,TUN,1996,909
Tunisia,TUN,1997,909
Tunisia,TUN,1998,1172
Tunisia,TUN,1999,1215
Tunisia,TUN,2000,1412
Tunisia,TUN,2001,1379
Tunisia,TUN,2002,1155
Tunisia,TUN,2003,1272
Tunisia,TUN,2004,1582
Tunisia,TUN,2005,1493
Tunisia,TUN,2006,1290
Tunisia,TUN,2007,1363
Tunisia,TUN,2008,1777
Tunisia,TUN,2009,1495
Tunisia,TUN,2010,2175
Tunisia,TUN,2011,2135
Tunisia,TUN,2012,3076
Tunisia,TUN,2013,2462
Tunisia,TUN,2014,2766
Tunisia,TUN,2015,2817
Tunisia,TUN,2016,3134
Tunisia,TUN,2017,2670
Tunisia,TUN,2018,3211
Tunisia,TUN,2019,3511
Tunisia,TUN,2020,3412
Tunisia,TUN,2021,3299
Tunisia,TUN,2022,3247
Tunisia,TUN,2023,3195
Turkey,TUR,1990,29918
Turkey,TUR,1991,24343
Turkey,TUR,1992,27110
Turkey,TUR,1993,28042
Turkey,TUR,1994,24219
Turkey,TUR,1995,27328
Turkey,TUR,1996,30286
Turkey,TUR,1997,34431
Turkey,TUR,1998,30162
Turkey,TUR,1999,33089
Turkey,TUR,2000,33471
Turkey,TUR,2001,25539
Turkey,TUR,2002,27915
Turkey,TUR,2003,33075
Turkey,TUR,2004,28831
Turkey,TUR,2005,40332
Turkey,TUR,2006,27421
Turkey,TUR,2007,48716
Turkey,TUR,2008,37640
Turkey,TUR,2009,37651
Turkey,TUR,2010,38555
Turkey,TUR,2011,39534
Turkey,TUR,2012,42611
Turkey,TUR,2013,39440
Turkey,TUR,2014,39723
Turkey,TUR,2015,39026
Turkey,TUR,2016,49961
Turkey,TUR,2017,53875
Turkey,TUR,2018,59922
Turkey,TUR,2019,51190
Turkey,TUR,2020,53490
Turkey,TUR,2021,52876
Turkey,TUR,2022,55218
Turkey,TUR,2023,57576
Turkmenistan,TKM,1992,836
Turkmenistan,TKM,1993,836
Turkmenistan,TKM,1994,836
Turkmenistan,TKM,1995,836
Turkmenistan,TKM,1996,836
Turkmenistan,TKM,1997,804
Turkmenistan,TKM,1998,879
Turkmenistan,TKM,1999,877
Turkmenistan,TKM,2000,905
Turkmenistan,TKM,2001,828
Turkmenistan,TKM,2002,828
Turkmenistan,TKM,2003,828
Turkmenistan,TKM,2004,828
Turkmenistan,TKM,2005,828
Turkmenistan,TKM,2006,828
Turkmenistan,TKM,2007,828
Turkmenistan,TKM,2008,828
Turkmenistan,TKM,2009,828
Turkmenistan,TKM,2010,828
Turkmenistan,TKM,2011,828
Turkmenistan,TKM,2012,828
Turkmenistan,TKM,2013,828
Turkmenistan,TKM,2014,828
Turkmenistan,TKM,2015,828
Turkmenistan,TKM,2016,828
Turkmenistan,TKM,2017,828
Turkmenistan,TKM,2018,828
Turkmenistan,TKM,2019,1294
Turkmenistan,TKM,2020,1255
Turkmenistan,TKM,2021,1647
Turkmenistan,TKM,2022,1647
Turkmenistan,TKM,2023,1647
Turks and Caicos Islands,TCA,1990,26
Turks and Caicos Islands,TCA,1991,26
Turks and Caicos Islands,TCA,1992,26
Turks and Caicos Islands,TCA,1993,26
Turks and Caicos Islands,TCA,1994,26
Turks and Caicos Islands,TCA,1995,26
Turks and Caicos Islands,TCA,1996,26
Turks and Caicos Islands,TCA,1997,26
Turks and Caicos Islands,TCA,1998,26
Turks and Caicos Islands,TCA,1999,17
Turks and Caicos Islands,TCA,2000,9
Turks and Caicos Islands,TCA,2001,0
Turks and Caicos Islands,TCA,2002,0
Turks and Caicos Islands,TCA,2003,0
Turks and Caicos Islands,TCA,2004,28
Turks and Caicos Islands,TCA,2005,53
Turks and Caicos Islands,TCA,2006,80
Turks and Caicos Islands,TCA,2007,74
Turks and Caicos Islands,TCA,2008,64
Turks and Caicos Islands,TCA,2009,61
Turks and Caicos Islands,TCA,2010,71
Turks and Caicos Islands,TCA,2011,86
Turks and Caicos Islands,TCA,2012,91
Turks and Caicos Islands,TCA,2013,89
Turks and Caicos Islands,TCA,2014,89
Turks and Caicos Islands,TCA,2015,89
Turks and Caicos Islands,TCA,2016,89
Turks and Caicos Islands,TCA,2017,89
Turks and Caicos Islands,TCA,2018,89
Turks and Caicos Islands,TCA,2019,89
Turks and Caicos Islands,TCA,2020,89
Turks and Caicos Islands,TCA,2021,89
Turks and Caicos Islands,TCA,2022,89
Turks and Caicos Islands,TCA,2023,89
Tuvalu,TUV,1990,2
Tuvalu,TUV,1991,2
Tuvalu,TUV,1992,2
Tuvalu,TUV,1993,2
Tuvalu,TUV,1994,2
Tuvalu,TUV,1995,2
Tuvalu,TUV,1996,2
Tuvalu,TUV,1997,2
Tuvalu,TUV,1998,2
Tuvalu,TUV,1999,1
Tuvalu,TUV,2000,1
Tuvalu,TUV,2001,1
Tuvalu,TUV,2002,1
Tuvalu,TUV,2003,2
Tuvalu,TUV,2004,2
Tuvalu,TUV,2005,2
Tuvalu,TUV,2006,2
Tuvalu,TUV,2007,2
Tuvalu,TUV,2008,2
Tuvalu,TUV,2009,2
Tuvalu,TUV,2010,2
Tuvalu,TUV,2011,2
Tuvalu,TUV,2012,2
Tuvalu,TUV,2013,2
Tuvalu,TUV,2014,2
Tuvalu,TUV,2015,2
Tuvalu,TUV,2016,2
Tuvalu,TUV,2017,2
Tuvalu,TUV,2018,2
Tuvalu,TUV,2019,2
Tuvalu,TUV,2020,2
Tuvalu,TUV,2021,2
Tuvalu,TUV,2022,2
Tuvalu,TUV,2023,2
USSR,OWID_USS,1990,86200
USSR,OWID_USS,1991,92200
Uganda,UGA,1990,535
Uganda,UGA,1991,535
Uganda,UGA,1992,535
Uganda,UGA,1993,535
Uganda,UGA,1994,571
Uganda,UGA,1995,781
Uganda,UGA,1996,783
Uganda,UGA,1997,927
Uganda,UGA,1998,1138
Uganda,UGA,1999,1612
Uganda,UGA,2000,1634
Uganda,UGA,2001,1403
Uganda,UGA,2002,1281
Uganda,UGA,2003,1340
Uganda,UGA,2004,1646
Uganda,UGA,2005,1712
Uganda,UGA,2006,2038
Uganda,UGA,2007,2080
Uganda,UGA,2008,2239
Uganda,UGA,2009,2445
Uganda,UGA,2010,2990
Uganda,UGA,2011,3658
Uganda,UGA,2012,4324
Uganda,UGA,2013,4883
Uganda,UGA,2014,5655
Uganda,UGA,2015,6298
Uganda,UGA,2016,6284
Uganda,UGA,2017,6304
Uganda,UGA,2018,6038
Uganda,UGA,2019,6240
Uganda,UGA,2020,6027
Uganda,UGA,2021,7027
Uganda,UGA,2022,8343
Uganda,UGA,2023,9510
Ukraine,UKR,1992,66772
Ukraine,UKR,1993,61843
Ukraine,UKR,1994,56915
Ukraine,UKR,1995,51986
Ukraine,UKR,1996,47058
Ukraine,UKR,1997,42129
Ukraine,UKR,1998,37201
Ukraine,UKR,1999,32272
Ukraine,UKR,2000,27344
Ukraine,UKR,2001,22415
Ukraine,UKR,2002,17487
Ukraine,UKR,2003,12558
Ukraine,UKR,2004,15344
Ukraine,UKR,2005,23022
Ukraine,UKR,2006,28775
Ukraine,UKR,2007,35540
Ukraine,UKR,2008,53228
Ukraine,UKR,2009,35707
Ukraine,UKR,2010,61892
Ukraine,UKR,2011,78674
Ukraine,UKR,2012,90050
Ukraine,UKR,2013,85989
Ukraine,UKR,2014,77294
Ukraine,UKR,2015,64306
Ukraine,UKR,2016,51319
Ukraine,UKR,2017,38331
Ukraine,UKR,2018,25343
Ukraine,UKR,2019,24325
Ukraine,UKR,2020,24622
Ukraine,UKR,2021,26974
Ukraine,UKR,2022,19435
Ukraine,UKR,2023,19356
United Kingdom,GBR,1990,29517
United Kingdom,GBR,1991,29022
United Kingdom,GBR,1992,31077
United Kingdom,GBR,1993,32387
United Kingdom,GBR,1994,33929
United Kingdom,GBR,1995,33743
United Kingdom,GBR,1996,35579
United Kingdom,GBR,1997,35490
United Kingdom,GBR,1998,35422
United Kingdom,GBR,1999,35537
United Kingdom,GBR,2000,33031
United Kingdom,GBR,2001,32893
United Kingdom,GBR,2002,30995
United Kingdom,GBR,2003,30754
United Kingdom,GBR,2004,31224
United Kingdom,GBR,2005,31415
United Kingdom,GBR,2006,22588
United Kingdom,GBR,2007,22332
United Kingdom,GBR,2008,21597
United Kingdom,GBR,2009,21324
United Kingdom,GBR,2010,16771
United Kingdom,GBR,2011,24427
United Kingdom,GBR,2012,20243
United Kingdom,GBR,2013,16601
United Kingdom,GBR,2014,22848
United Kingdom,GBR,2015,21446
United Kingdom,GBR,2016,18250
United Kingdom,GBR,2017,18525
United Kingdom,GBR,2018,18129
United Kingdom,GBR,2019,18993
United Kingdom,GBR,2020,15023
United Kingdom,GBR,2021,14794
United Kingdom,GBR,2022,16983
United Kingdom,GBR,2023,16983
United States,USA,1990,400522
United States,USA,1991,395079
United States,USA,1992,401883
United States,USA,1993,390543
United States,USA,1994,425923
United States,USA,1995,423202
United States,USA,1996,433180
United States,USA,1997,431819
United States,USA,1998,424562
United States,USA,1999,433634
United States,USA,2000,430005
United States,USA,2001,411408
United States,USA,2002,413313
United States,USA,2003,407053
United States,USA,2004,418030
United States,USA,2005,409730
United States,USA,2006,392811
United States,USA,2007,400068
United States,USA,2008,379203
United States,USA,2009,358338
United States,USA,2010,374818
United States,USA,2011,391299
United States,USA,2012,407779
United States,USA,2013,418674
United States,USA,2014,413135
United States,USA,2015,423475
United States,USA,2016,451667
United States,USA,2017,449713
United States,USA,2018,457385
United States,USA,2019,444240
United States,USA,2020,439593
United States,USA,2021,438087
United States,USA,2022,427232
United States,USA,2023,429501
Uruguay,URY,1990,1762
Uruguay,URY,1991,1762
Uruguay,URY,1992,2072
Uruguay,URY,1993,1634
Uruguay,URY,1994,2272
Uruguay,URY,1995,2413
Uruguay,URY,1996,3444
Uruguay,URY,1997,3362
Uruguay,URY,1998,4239
Uruguay,URY,1999,3925
Uruguay,URY,2000,3650
Uruguay,URY,2001,4433
Uruguay,URY,2002,5133
Uruguay,URY,2003,7432
Uruguay,URY,2004,8983
Uruguay,URY,2005,9167
Uruguay,URY,2006,9082
Uruguay,URY,2007,14023
Uruguay,URY,2008,13290
Uruguay,URY,2009,13442
Uruguay,URY,2010,14896
Uruguay,URY,2011,17443
Uruguay,URY,2012,23466
Uruguay,URY,2013,19029
Uruguay,URY,2014,22937
Uruguay,URY,2015,13990
Uruguay,URY,2016,13313
Uruguay,URY,2017,14880
Uruguay,URY,2018,16446
Uruguay,URY,2019,16446
Uruguay,URY,2020,16446
Uruguay,URY,2021,16446
Uruguay,URY,2022,16446
Uruguay,URY,2023,16446
Vanuatu,VUT,1990,172
Vanuatu,VUT,1991,138
Vanuatu,VUT,1992,101
Vanuatu,VUT,1993,78
Vanuatu,VUT,1994,84
Vanuatu,VUT,1995,89
Vanuatu,VUT,1996,78
Vanuatu,VUT,1997,72
Vanuatu,VUT,1998,69
Vanuatu,VUT,1999,66
Vanuatu,VUT,2000,65
Vanuatu,VUT,2001,64
Vanuatu,VUT,2002,65
Vanuatu,VUT,2003,66
Vanuatu,VUT,2004,67
Vanuatu,VUT,2005,68
Vanuatu,VUT,2006,73
Vanuatu,VUT,2007,79
Vanuatu,VUT,2008,86
Vanuatu,VUT,2009,71
Vanuatu,VUT,2010,48
Vanuatu,VUT,2011,24
Vanuatu,VUT,2012,16
Vanuatu,VUT,2013,16
Vanuatu,VUT,2014,16
Vanuatu,VUT,2015,16
Vanuatu,VUT,2016,16
Vanuatu,VUT,2017,16
Vanuatu,VUT,2018,16
Vanuatu,VUT,2019,16
Vanuatu,VUT,2020,16
Vanuatu,VUT,2021,16
Vanuatu,VUT,2022,16
Vanuatu,VUT,2023,16
Vatican,VAT,1990,2
Vatican,VAT,1991,2
Vatican,VAT,1992,2
Vatican,VAT,1993,2
Vatican,VAT,1994,2
Vatican,VAT,1995,2
Vatican,VAT,1996,2
Vatican,VAT,1997,2
Vatican,VAT,1998,2
Vatican,VAT,1999,2
Vatican,VAT,2000,2
Vatican,VAT,2001,2
Vatican,VAT,2002,2
Vatican,VAT,2003,2
Vatican,VAT,2004,2
Vatican,VAT,2005,2
Vatican,VAT,2006,2
Vatican,VAT,2007,2
Vatican,VAT,2008,2
Vatican,VAT,2009,2
Vatican,VAT,2010,2
Vatican,VAT,2011,2
Vatican,VAT,2012,2
Vatican,VAT,2013,2
Vatican,VAT,2014,2
Vatican,VAT,2015,2
Vatican,VAT,2016,2
Vatican,VAT,2017,2
Vatican,VAT,2018,2
Vatican,VAT,2019,2
Vatican,VAT,2020,2
Vatican,VAT,2021,2
Vatican,VAT,2022,2
Vatican,VAT,2023,2
Venezuela,VEN,1990,1822
Venezuela,VEN,1991,2409
Venezuela,VEN,1992,3928
Venezuela,VEN,1993,3928
Venezuela,VEN,1994,3928
Venezuela,VEN,1995,3928
Venezuela,VEN,1996,3928
Venezuela,VEN,1997,3928
Venezuela,VEN,1998,3928
Venezuela,VEN,1999,3928
Venezuela,VEN,2000,3928
Venezuela,VEN,2001,3928
Venezuela,VEN,2002,3928
Venezuela,VEN,2003,3928
Venezuela,VEN,2004,3928
Venezuela,VEN,2005,3928
Venezuela,VEN,2006,3928
Venezuela,VEN,2007,3928
Venezuela,VEN,2008,3928
Venezuela,VEN,2009,3928
Venezuela,VEN,2010,3928
Venezuela,VEN,2011,3928
Venezuela,VEN,2012,3928
Venezuela,VEN,2013,3928
Venezuela,VEN,2014,3928
Venezuela,VEN,2015,3928
Venezuela,VEN,2016,3928
Venezuela,VEN,2017,3928
Venezuela,VEN,2018,3928
Venezuela,VEN,2019,3928
Venezuela,VEN,2020,3928
Venezuela,VEN,2021,3928
Venezuela,VEN,2022,3928
Venezuela,VEN,2023,3928
Vietnam,VNM,1990,20912
Vietnam,VNM,1991,20912
Vietnam,VNM,1992,20912
Vietnam,VNM,1993,20912
Vietnam,VNM,1994,20912
Vietnam,VNM,1995,24896
Vietnam,VNM,1996,32745
Vietnam,VNM,1997,33019
Vietnam,VNM,1998,20841
Vietnam,VNM,1999,16695
Vietnam,VNM,2000,16502
Vietnam,VNM,2001,19154
Vietnam,VNM,2002,23511
Vietnam,VNM,2003,27869
Vietnam,VNM,2004,32226
Vietnam,VNM,2005,36584
Vietnam,VNM,2006,41532
Vietnam,VNM,2007,46480
Vietnam,VNM,2008,51428
Vietnam,VNM,2009,55492
Vietnam,VNM,2010,57105
Vietnam,VNM,2011,68309
Vietnam,VNM,2012,76834
Vietnam,VNM,2013,83390
Vietnam,VNM,2014,101921
Vietnam,VNM,2015,102408
Vietnam,VNM,2016,103061
Vietnam,VNM,2017,82408
Vietnam,VNM,2018,139416
Vietnam,VNM,2019,134742
Vietnam,VNM,2020,89335
Vietnam,VNM,2021,148669
Vietnam,VNM,2022,161908
Vietnam,VNM,2023,161908
Wallis and Futuna,WLF,1990,10
Wallis and Futuna,WLF,1991,10
Wallis and Futuna,WLF,1992,10
Wallis and Futuna,WLF,1993,10
Wallis and Futuna,WLF,1994,10
Wallis and Futuna,WLF,1995,10
Wallis and Futuna,WLF,1996,10
Wallis and Futuna,WLF,1997,10
Wallis and Futuna,WLF,1998,10
Wallis and Futuna,WLF,1999,10
Wallis and Futuna,WLF,2000,9
Wallis and Futuna,WLF,2001,6
Wallis and Futuna,WLF,2002,7
Wallis and Futuna,WLF,2003,8
Wallis and Futuna,WLF,2004,9
Wallis and Futuna,WLF,2005,9
Wallis and Futuna,WLF,2006,10
Wallis and Futuna,WLF,2007,10
Wallis and Futuna,WLF,2008,10
Wallis and Futuna,WLF,2009,10
Wallis and Futuna,WLF,2010,10
Wallis and Futuna,WLF,2011,10
Wallis and Futuna,WLF,2012,10
Wallis and Futuna,WLF,2013,10
Wallis and Futuna,WLF,2014,10
Wallis and Futuna,WLF,2015,10
Wallis and Futuna,WLF,2016,10
Wallis and Futuna,WLF,2017,10
Wallis and Futuna,WLF,2018,10
Wallis and Futuna,WLF,2019,10
Wallis and Futuna,WLF,2020,10
Wallis and Futuna,WLF,2021,10
Wallis and Futuna,WLF,2022,10
Wallis and Futuna,WLF,2023,10
Western Africa (FAO),,1990,7418
Western Africa (FAO),,1991,6270
Western Africa (FAO),,1992,5320
Western Africa (FAO),,1993,4330
Western Africa (FAO),,1994,5285
Western Africa (FAO),,1995,6407
Western Africa (FAO),,1996,9975
Western Africa (FAO),,1997,14336
Western Africa (FAO),,1998,14131
Western Africa (FAO),,1999,12363
Western Africa (FAO),,2000,7934
Western Africa (FAO),,2001,8096
Western Africa (FAO),,2002,10908
Western Africa (FAO),,2003,13687
Western Africa (FAO),,2004,17644
Western Africa (FAO),,2005,20339
Western Africa (FAO),,2006,19750
Western Africa (FAO),,2007,15893
Western Africa (FAO),,2008,17772
Western Africa (FAO),,2009,24237
Western Africa (FAO),,2010,33952
Western Africa (FAO),,2011,39247
Western Africa (FAO),,2012,43509
Western Africa (FAO),,2013,51393
Western Africa (FAO),,2014,48335
Western Africa (FAO),,2015,47526
Western Africa (FAO),,2016,44172
Western Africa (FAO),,2017,55380
Western Africa (FAO),,2018,68081
Western Africa (FAO),,2019,76332
Western Africa (FAO),,2020,79758
Western Africa (FAO),,2021,79924
Western Africa (FAO),,2022,76886
Western Africa (FAO),,2023,73757
Western Asia (FAO),,1990,40948
Western Asia (FAO),,1991,35773
Western Asia (FAO),,1992,42397
Western Asia (FAO),,1993,43669
Western Asia (FAO),,1994,40598
Western Asia (FAO),,1995,43544
Western Asia (FAO),,1996,46869
Western Asia (FAO),,1997,53704
Western Asia (FAO),,1998,49307
Western Asia (FAO),,1999,51599
Western Asia (FAO),,2000,51272
Western Asia (FAO),,2001,45270
Western Asia (FAO),,2002,49202
Western Asia (FAO),,2003,55133
Western Asia (FAO),,2004,51378
Western Asia (FAO),,2005,64846
Western Asia (FAO),,2006,52439
Western Asia (FAO),,2007,74134
Western Asia (FAO),,2008,63654
Western Asia (FAO),,2009,64275
Western Asia (FAO),,2010,66272
Western Asia (FAO),,2011,67875
Western Asia (FAO),,2012,69944
Western Asia (FAO),,2013,67625
Western Asia (FAO),,2014,68900
Western Asia (FAO),,2015,66514
Western Asia (FAO),,2016,77564
Western Asia (FAO),,2017,83212
Western Asia (FAO),,2018,90849
Western Asia (FAO),,2019,83654
Western Asia (FAO),,2020,83664
Western Asia (FAO),,2021,82248
Western Asia (FAO),,2022,84155
Western Asia (FAO),,2023,83254
Western Europe (FAO),,1990,154321
Western Europe (FAO),,1991,160395
Western Europe (FAO),,1992,138811
Western Europe (FAO),,1993,142621
Western Europe (FAO),,1994,138482
Western Europe (FAO),,1995,138549
Western Europe (FAO),,1996,152550
Western Europe (FAO),,1997,162658
Western Europe (FAO),,1998,165709
Western Europe (FAO),,1999,168171
Western Europe (FAO),,2000,159389
Western Europe (FAO),,2001,155920
Western Europe (FAO),,2002,140544
Western Europe (FAO),,2003,133458
Western Europe (FAO),,2004,135717
Western Europe (FAO),,2005,140078
Western Europe (FAO),,2006,133787
Western Europe (FAO),,2007,142561
Western Europe (FAO),,2008,145922
Western Europe (FAO),,2009,124229
Western Europe (FAO),,2010,122961
Western Europe (FAO),,2011,128261
Western Europe (FAO),,2012,133209
Western Europe (FAO),,2013,132836
Western Europe (FAO),,2014,144500
Western Europe (FAO),,2015,137048
Western Europe (FAO),,2016,142962
Western Europe (FAO),,2017,142356
Western Europe (FAO),,2018,152111
Western Europe (FAO),,2019,121642
Western Europe (FAO),,2020,135897
Western Europe (FAO),,2021,142158
Western Europe (FAO),,2022,138320
Western Europe (FAO),,2023,124881
World,OWID_WRL,1990,1806688
World,OWID_WRL,1991,1793631
World,OWID_WRL,1992,1820597
World,OWID_WRL,1993,1836220
World,OWID_WRL,1994,1893783
World,OWID_WRL,1995,1958634
World,OWID_WRL,1996,2025364
World,OWID_WRL,1997,2093645
World,OWID_WRL,1998,2126962
World,OWID_WRL,1999,2165260
World,OWID_WRL,2000,2175911
World,OWID_WRL,2001,2180559
World,OWID_WRL,2002,2205711
World,OWID_WRL,2003,2311794
World,OWID_WRL,2004,2450447
World,OWID_WRL,2005,2535056
World,OWID_WRL,2006,2513376
World,OWID_WRL,2007,2771712
World,OWID_WRL,2008,2828069
World,OWID_WRL,2009,2730070
World,OWID_WRL,2010,3033413
World,OWID_WRL,2011,3079005
World,OWID_WRL,2012,3208576
World,OWID_WRL,2013,3267468
World,OWID_WRL,2014,3281344
World,OWID_WRL,2015,3320624
World,OWID_WRL,2016,3440886
World,OWID_WRL,2017,3356311
World,OWID_WRL,2018,3413628
World,OWID_WRL,2019,3486251
World,OWID_WRL,2020,3507246
World,OWID_WRL,2021,3769811
World,OWID_WRL,2022,3802160
World,OWID_WRL,2023,3728427
Yemen,YEM,1990,98
Yemen,YEM,1991,187
Yemen,YEM,1992,364
Yemen,YEM,1993,441
Yemen,YEM,1994,574
Yemen,YEM,1995,587
Yemen,YEM,1996,638
Yemen,YEM,1997,656
Yemen,YEM,1998,839
Yemen,YEM,1999,932
Yemen,YEM,2000,899
Yemen,YEM,2001,781
Yemen,YEM,2002,926
Yemen,YEM,2003,1026
Yemen,YEM,2004,1210
Yemen,YEM,2005,1249
Yemen,YEM,2006,1269
Yemen,YEM,2007,977
Yemen,YEM,2008,724
Yemen,YEM,2009,597
Yemen,YEM,2010,695
Yemen,YEM,2011,819
Yemen,YEM,2012,954
Yemen,YEM,2013,1506
Yemen,YEM,2014,1484
Yemen,YEM,2015,1357
Yemen,YEM,2016,719
Yemen,YEM,2017,576
Yemen,YEM,2018,838
Yemen,YEM,2019,1147
Yemen,YEM,2020,1504
Yemen,YEM,2021,1504
Yemen,YEM,2022,1504
Yemen,YEM,2023,1504
Yugoslavia,OWID_YGS,1990,2575
Yugoslavia,OWID_YGS,1991,2857
Zambia,ZMB,1990,1080
Zambia,ZMB,1991,1080
Zambia,ZMB,1992,1080
Zambia,ZMB,1993,1080
Zambia,ZMB,1994,1080
Zambia,ZMB,1995,716
Zambia,ZMB,1996,1670
Zambia,ZMB,1997,1798
Zambia,ZMB,1998,1925
Zambia,ZMB,1999,2053
Zambia,ZMB,2000,2180
Zambia,ZMB,2001,2308
Zambia,ZMB,2002,2435
Zambia,ZMB,2003,2563
Zambia,ZMB,2004,2690
Zambia,ZMB,2005,2818
Zambia,ZMB,2006,2945
Zambia,ZMB,2007,3073
Zambia,ZMB,2008,3200
Zambia,ZMB,2009,3328
Zambia,ZMB,2010,3455
Zambia,ZMB,2011,3583
Zambia,ZMB,2012,3710
Zambia,ZMB,2013,3838
Zambia,ZMB,2014,3965
Zambia,ZMB,2015,4093
Zambia,ZMB,2016,4220
Zambia,ZMB,2017,4348
Zambia,ZMB,2018,4197
Zambia,ZMB,2019,4197
Zambia,ZMB,2020,4197
Zambia,ZMB,2021,4197
Zambia,ZMB,2022,4197
Zambia,ZMB,2023,4197
Zimbabwe,ZWE,1990,5727
Zimbabwe,ZWE,1991,6753
Zimbabwe,ZWE,1992,3303
Zimbabwe,ZWE,1993,1716
Zimbabwe,ZWE,1994,1664
Zimbabwe,ZWE,1995,2599
Zimbabwe,ZWE,1996,2538
Zimbabwe,ZWE,1997,2762
Zimbabwe,ZWE,1998,2883
Zimbabwe,ZWE,1999,2918
Zimbabwe,ZWE,2000,2953
Zimbabwe,ZWE,2001,2989
Zimbabwe,ZWE,2002,3024
Zimbabwe,ZWE,2003,3059
Zimbabwe,ZWE,2004,3094
Zimbabwe,ZWE,2005,3129
Zimbabwe,ZWE,2006,3164
Zimbabwe,ZWE,2007,3200
Zimbabwe,ZWE,2008,3235
Zimbabwe,ZWE,2009,3270
Zimbabwe,ZWE,2010,3305
Zimbabwe,ZWE,2011,3340
Zimbabwe,ZWE,2012,3376
Zimbabwe,ZWE,2013,2550
Zimbabwe,ZWE,2014,2185
Zimbabwe,ZWE,2015,2185
Zimbabwe,ZWE,2016,2185
Zimbabwe,ZWE,2017,2185
Zimbabwe,ZWE,2018,2185
Zimbabwe,ZWE,2019,2185
Zimbabwe,ZWE,2020,2185
Zimbabwe,ZWE,2021,2185
Zimbabwe,ZWE,2022,2185
Zimbabwe,ZWE,2023,2185